2026-05-14 00:00:06 [http-nio-8080-exec-1] INFO  UserActivity - leospace001 logged in successfully: 
2026-05-14 00:01:01 [http-nio-8080-exec-6] ERROR o.a.c.c.C.[.[.[.[dispatcherServlet] - Servlet.service() for servlet [dispatcherServlet] in context with path [] threw exception
io.jsonwebtoken.ExpiredJwtException: JWT expired at 2026-05-14T00:00:06Z. Current time: 2026-05-14T00:01:01Z, a difference of 55344 milliseconds.  Allowed clock skew: 0 milliseconds.
	at io.jsonwebtoken.impl.DefaultJwtParser.parse(DefaultJwtParser.java:427)
	at io.jsonwebtoken.impl.DefaultJwtParser.parse(DefaultJwtParser.java:529)
	at io.jsonwebtoken.impl.DefaultJwtParser.parseClaimsJws(DefaultJwtParser.java:589)
	at io.jsonwebtoken.impl.ImmutableJwtParser.parseClaimsJws(ImmutableJwtParser.java:173)
	at com.example.demo.security.JwtUtil.extractAllClaims(JwtUtil.java:62)
	at com.example.demo.security.JwtUtil.extractClaim(JwtUtil.java:54)
	at com.example.demo.security.JwtUtil.extractUsername(JwtUtil.java:37)
	at com.example.demo.security.JwtRequestFilter.doFilterInternal(JwtRequestFilter.java:52)
	at org.springframework.web.filter.OncePerRequestFilter.doFilter(OncePerRequestFilter.java:116)
	at org.springframework.security.web.FilterChainProxy$VirtualFilterChain.doFilter(FilterChainProxy.java:374)
	at org.springframework.security.web.authentication.AbstractAuthenticationProcessingFilter.doFilter(AbstractAuthenticationProcessingFilter.java:227)
	at org.springframework.security.web.authentication.AbstractAuthenticationProcessingFilter.doFilter(AbstractAuthenticationProcessingFilter.java:221)
	at org.springframework.security.web.FilterChainProxy$VirtualFilterChain.doFilter(FilterChainProxy.java:374)
	at org.springframework.security.web.authentication.logout.LogoutFilter.doFilter(LogoutFilter.java:107)
	at org.springframework.security.web.authentication.logout.LogoutFilter.doFilter(LogoutFilter.java:93)
	at org.springframework.security.web.FilterChainProxy$VirtualFilterChain.doFilter(FilterChainProxy.java:374)
	at org.springframework.web.filter.CorsFilter.doFilterInternal(CorsFilter.java:91)
	at org.springframework.web.filter.OncePerRequestFilter.doFilter(OncePerRequestFilter.java:116)
	at org.springframework.security.web.FilterChainProxy$VirtualFilterChain.doFilter(FilterChainProxy.java:374)
	at org.springframework.security.web.header.HeaderWriterFilter.doHeadersAfter(HeaderWriterFilter.java:90)
	at org.springframework.security.web.header.HeaderWriterFilter.doFilterInternal(HeaderWriterFilter.java:75)
	at org.springframework.web.filter.OncePerRequestFilter.doFilter(OncePerRequestFilter.java:116)
	at org.springframework.security.web.FilterChainProxy$VirtualFilterChain.doFilter(FilterChainProxy.java:374)
	at org.springframework.security.web.context.SecurityContextHolderFilter.doFilter(SecurityContextHolderFilter.java:82)
	at org.springframework.security.web.context.SecurityContextHolderFilter.doFilter(SecurityContextHolderFilter.java:69)
	at org.springframework.security.web.FilterChainProxy$VirtualFilterChain.doFilter(FilterChainProxy.java:374)
	at org.springframework.security.web.context.request.async.WebAsyncManagerIntegrationFilter.doFilterInternal(WebAsyncManagerIntegrationFilter.java:62)
	at org.springframework.web.filter.OncePerRequestFilter.doFilter(OncePerRequestFilter.java:116)
	at org.springframework.security.web.FilterChainProxy$VirtualFilterChain.doFilter(FilterChainProxy.java:374)
	at org.springframework.security.web.session.DisableEncodeUrlFilter.doFilterInternal(DisableEncodeUrlFilter.java:42)
	at org.springframework.web.filter.OncePerRequestFilter.doFilter(OncePerRequestFilter.java:116)
	at org.springframework.security.web.FilterChainProxy$VirtualFilterChain.doFilter(FilterChainProxy.java:374)
	at org.springframework.security.web.FilterChainProxy.doFilterInternal(FilterChainProxy.java:233)
	at org.springframework.security.web.FilterChainProxy.doFilter(FilterChainProxy.java:191)
	at org.springframework.web.filter.DelegatingFilterProxy.invokeDelegate(DelegatingFilterProxy.java:352)
	at org.springframework.web.filter.DelegatingFilterProxy.doFilter(DelegatingFilterProxy.java:268)
	at org.apache.catalina.core.ApplicationFilterChain.internalDoFilter(ApplicationFilterChain.java:174)
	at org.apache.catalina.core.ApplicationFilterChain.doFilter(ApplicationFilterChain.java:149)
	at org.springframework.web.filter.RequestContextFilter.doFilterInternal(RequestContextFilter.java:100)
	at org.springframework.web.filter.OncePerRequestFilter.doFilter(OncePerRequestFilter.java:116)
	at org.apache.catalina.core.ApplicationFilterChain.internalDoFilter(ApplicationFilterChain.java:174)
	at org.apache.catalina.core.ApplicationFilterChain.doFilter(ApplicationFilterChain.java:149)
	at org.springframework.web.filter.FormContentFilter.doFilterInternal(FormContentFilter.java:93)
	at org.springframework.web.filter.OncePerRequestFilter.doFilter(OncePerRequestFilter.java:116)
	at org.apache.catalina.core.ApplicationFilterChain.internalDoFilter(ApplicationFilterChain.java:174)
	at org.apache.catalina.core.ApplicationFilterChain.doFilter(ApplicationFilterChain.java:149)
	at org.springframework.web.filter.CharacterEncodingFilter.doFilterInternal(CharacterEncodingFilter.java:201)
	at org.springframework.web.filter.OncePerRequestFilter.doFilter(OncePerRequestFilter.java:116)
	at org.apache.catalina.core.ApplicationFilterChain.internalDoFilter(ApplicationFilterChain.java:174)
	at org.apache.catalina.core.ApplicationFilterChain.doFilter(ApplicationFilterChain.java:149)
	at org.apache.catalina.core.StandardWrapperValve.invoke(StandardWrapperValve.java:166)
	at org.apache.catalina.core.StandardContextValve.invoke(StandardContextValve.java:90)
	at org.apache.catalina.authenticator.AuthenticatorBase.invoke(AuthenticatorBase.java:482)
	at org.apache.catalina.core.StandardHostValve.invoke(StandardHostValve.java:115)
	at org.apache.catalina.valves.ErrorReportValve.invoke(ErrorReportValve.java:93)
	at org.apache.catalina.core.StandardEngineValve.invoke(StandardEngineValve.java:74)
	at org.apache.catalina.connector.CoyoteAdapter.service(CoyoteAdapter.java:341)
	at org.apache.coyote.http11.Http11Processor.service(Http11Processor.java:391)
	at org.apache.coyote.AbstractProcessorLight.process(AbstractProcessorLight.java:63)
	at org.apache.coyote.AbstractProtocol$ConnectionHandler.process(AbstractProtocol.java:894)
	at org.apache.tomcat.util.net.NioEndpoint$SocketProcessor.doRun(NioEndpoint.java:1741)
	at org.apache.tomcat.util.net.SocketProcessorBase.run(SocketProcessorBase.java:52)
	at org.apache.tomcat.util.threads.ThreadPoolExecutor.runWorker(ThreadPoolExecutor.java:1191)
	at org.apache.tomcat.util.threads.ThreadPoolExecutor$Worker.run(ThreadPoolExecutor.java:659)
	at org.apache.tomcat.util.threads.TaskThread$WrappingRunnable.run(TaskThread.java:61)
	at java.base/java.lang.Thread.run(Thread.java:840)
2026-05-14 00:01:02 [http-nio-8080-exec-7] ERROR o.a.c.c.C.[.[.[.[dispatcherServlet] - Servlet.service() for servlet [dispatcherServlet] in context with path [] threw exception
io.jsonwebtoken.ExpiredJwtException: JWT expired at 2026-05-14T00:00:06Z. Current time: 2026-05-14T00:01:02Z, a difference of 56116 milliseconds.  Allowed clock skew: 0 milliseconds.
	at io.jsonwebtoken.impl.DefaultJwtParser.parse(DefaultJwtParser.java:427)
	at io.jsonwebtoken.impl.DefaultJwtParser.parse(DefaultJwtParser.java:529)
	at io.jsonwebtoken.impl.DefaultJwtParser.parseClaimsJws(DefaultJwtParser.java:589)
	at io.jsonwebtoken.impl.ImmutableJwtParser.parseClaimsJws(ImmutableJwtParser.java:173)
	at com.example.demo.security.JwtUtil.extractAllClaims(JwtUtil.java:62)
	at com.example.demo.security.JwtUtil.extractClaim(JwtUtil.java:54)
	at com.example.demo.security.JwtUtil.extractUsername(JwtUtil.java:37)
	at com.example.demo.security.JwtRequestFilter.doFilterInternal(JwtRequestFilter.java:52)
	at org.springframework.web.filter.OncePerRequestFilter.doFilter(OncePerRequestFilter.java:116)
	at org.springframework.security.web.FilterChainProxy$VirtualFilterChain.doFilter(FilterChainProxy.java:374)
	at org.springframework.security.web.authentication.AbstractAuthenticationProcessingFilter.doFilter(AbstractAuthenticationProcessingFilter.java:227)
	at org.springframework.security.web.authentication.AbstractAuthenticationProcessingFilter.doFilter(AbstractAuthenticationProcessingFilter.java:221)
	at org.springframework.security.web.FilterChainProxy$VirtualFilterChain.doFilter(FilterChainProxy.java:374)
	at org.springframework.security.web.authentication.logout.LogoutFilter.doFilter(LogoutFilter.java:107)
	at org.springframework.security.web.authentication.logout.LogoutFilter.doFilter(LogoutFilter.java:93)
	at org.springframework.security.web.FilterChainProxy$VirtualFilterChain.doFilter(FilterChainProxy.java:374)
	at org.springframework.web.filter.CorsFilter.doFilterInternal(CorsFilter.java:91)
	at org.springframework.web.filter.OncePerRequestFilter.doFilter(OncePerRequestFilter.java:116)
	at org.springframework.security.web.FilterChainProxy$VirtualFilterChain.doFilter(FilterChainProxy.java:374)
	at org.springframework.security.web.header.HeaderWriterFilter.doHeadersAfter(HeaderWriterFilter.java:90)
	at org.springframework.security.web.header.HeaderWriterFilter.doFilterInternal(HeaderWriterFilter.java:75)
	at org.springframework.web.filter.OncePerRequestFilter.doFilter(OncePerRequestFilter.java:116)
	at org.springframework.security.web.FilterChainProxy$VirtualFilterChain.doFilter(FilterChainProxy.java:374)
	at org.springframework.security.web.context.SecurityContextHolderFilter.doFilter(SecurityContextHolderFilter.java:82)
	at org.springframework.security.web.context.SecurityContextHolderFilter.doFilter(SecurityContextHolderFilter.java:69)
	at org.springframework.security.web.FilterChainProxy$VirtualFilterChain.doFilter(FilterChainProxy.java:374)
	at org.springframework.security.web.context.request.async.WebAsyncManagerIntegrationFilter.doFilterInternal(WebAsyncManagerIntegrationFilter.java:62)
	at org.springframework.web.filter.OncePerRequestFilter.doFilter(OncePerRequestFilter.java:116)
	at org.springframework.security.web.FilterChainProxy$VirtualFilterChain.doFilter(FilterChainProxy.java:374)
	at org.springframework.security.web.session.DisableEncodeUrlFilter.doFilterInternal(DisableEncodeUrlFilter.java:42)
	at org.springframework.web.filter.OncePerRequestFilter.doFilter(OncePerRequestFilter.java:116)
	at org.springframework.security.web.FilterChainProxy$VirtualFilterChain.doFilter(FilterChainProxy.java:374)
	at org.springframework.security.web.FilterChainProxy.doFilterInternal(FilterChainProxy.java:233)
	at org.springframework.security.web.FilterChainProxy.doFilter(FilterChainProxy.java:191)
	at org.springframework.web.filter.DelegatingFilterProxy.invokeDelegate(DelegatingFilterProxy.java:352)
	at org.springframework.web.filter.DelegatingFilterProxy.doFilter(DelegatingFilterProxy.java:268)
	at org.apache.catalina.core.ApplicationFilterChain.internalDoFilter(ApplicationFilterChain.java:174)
	at org.apache.catalina.core.ApplicationFilterChain.doFilter(ApplicationFilterChain.java:149)
	at org.springframework.web.filter.RequestContextFilter.doFilterInternal(RequestContextFilter.java:100)
	at org.springframework.web.filter.OncePerRequestFilter.doFilter(OncePerRequestFilter.java:116)
	at org.apache.catalina.core.ApplicationFilterChain.internalDoFilter(ApplicationFilterChain.java:174)
	at org.apache.catalina.core.ApplicationFilterChain.doFilter(ApplicationFilterChain.java:149)
	at org.springframework.web.filter.FormContentFilter.doFilterInternal(FormContentFilter.java:93)
	at org.springframework.web.filter.OncePerRequestFilter.doFilter(OncePerRequestFilter.java:116)
	at org.apache.catalina.core.ApplicationFilterChain.internalDoFilter(ApplicationFilterChain.java:174)
	at org.apache.catalina.core.ApplicationFilterChain.doFilter(ApplicationFilterChain.java:149)
	at org.springframework.web.filter.CharacterEncodingFilter.doFilterInternal(CharacterEncodingFilter.java:201)
	at org.springframework.web.filter.OncePerRequestFilter.doFilter(OncePerRequestFilter.java:116)
	at org.apache.catalina.core.ApplicationFilterChain.internalDoFilter(ApplicationFilterChain.java:174)
	at org.apache.catalina.core.ApplicationFilterChain.doFilter(ApplicationFilterChain.java:149)
	at org.apache.catalina.core.StandardWrapperValve.invoke(StandardWrapperValve.java:166)
	at org.apache.catalina.core.StandardContextValve.invoke(StandardContextValve.java:90)
	at org.apache.catalina.authenticator.AuthenticatorBase.invoke(AuthenticatorBase.java:482)
	at org.apache.catalina.core.StandardHostValve.invoke(StandardHostValve.java:115)
	at org.apache.catalina.valves.ErrorReportValve.invoke(ErrorReportValve.java:93)
	at org.apache.catalina.core.StandardEngineValve.invoke(StandardEngineValve.java:74)
	at org.apache.catalina.connector.CoyoteAdapter.service(CoyoteAdapter.java:341)
	at org.apache.coyote.http11.Http11Processor.service(Http11Processor.java:391)
	at org.apache.coyote.AbstractProcessorLight.process(AbstractProcessorLight.java:63)
	at org.apache.coyote.AbstractProtocol$ConnectionHandler.process(AbstractProtocol.java:894)
	at org.apache.tomcat.util.net.NioEndpoint$SocketProcessor.doRun(NioEndpoint.java:1741)
	at org.apache.tomcat.util.net.SocketProcessorBase.run(SocketProcessorBase.java:52)
	at org.apache.tomcat.util.threads.ThreadPoolExecutor.runWorker(ThreadPoolExecutor.java:1191)
	at org.apache.tomcat.util.threads.ThreadPoolExecutor$Worker.run(ThreadPoolExecutor.java:659)
	at org.apache.tomcat.util.threads.TaskThread$WrappingRunnable.run(TaskThread.java:61)
	at java.base/java.lang.Thread.run(Thread.java:840)
2026-05-14 00:01:02 [http-nio-8080-exec-8] ERROR o.a.c.c.C.[.[.[.[dispatcherServlet] - Servlet.service() for servlet [dispatcherServlet] in context with path [] threw exception
io.jsonwebtoken.ExpiredJwtException: JWT expired at 2026-05-14T00:00:06Z. Current time: 2026-05-14T00:01:02Z, a difference of 56276 milliseconds.  Allowed clock skew: 0 milliseconds.
	at io.jsonwebtoken.impl.DefaultJwtParser.parse(DefaultJwtParser.java:427)
	at io.jsonwebtoken.impl.DefaultJwtParser.parse(DefaultJwtParser.java:529)
	at io.jsonwebtoken.impl.DefaultJwtParser.parseClaimsJws(DefaultJwtParser.java:589)
	at io.jsonwebtoken.impl.ImmutableJwtParser.parseClaimsJws(ImmutableJwtParser.java:173)
	at com.example.demo.security.JwtUtil.extractAllClaims(JwtUtil.java:62)
	at com.example.demo.security.JwtUtil.extractClaim(JwtUtil.java:54)
	at com.example.demo.security.JwtUtil.extractUsername(JwtUtil.java:37)
	at com.example.demo.security.JwtRequestFilter.doFilterInternal(JwtRequestFilter.java:52)
	at org.springframework.web.filter.OncePerRequestFilter.doFilter(OncePerRequestFilter.java:116)
	at org.springframework.security.web.FilterChainProxy$VirtualFilterChain.doFilter(FilterChainProxy.java:374)
	at org.springframework.security.web.authentication.AbstractAuthenticationProcessingFilter.doFilter(AbstractAuthenticationProcessingFilter.java:227)
	at org.springframework.security.web.authentication.AbstractAuthenticationProcessingFilter.doFilter(AbstractAuthenticationProcessingFilter.java:221)
	at org.springframework.security.web.FilterChainProxy$VirtualFilterChain.doFilter(FilterChainProxy.java:374)
	at org.springframework.security.web.authentication.logout.LogoutFilter.doFilter(LogoutFilter.java:107)
	at org.springframework.security.web.authentication.logout.LogoutFilter.doFilter(LogoutFilter.java:93)
	at org.springframework.security.web.FilterChainProxy$VirtualFilterChain.doFilter(FilterChainProxy.java:374)
	at org.springframework.web.filter.CorsFilter.doFilterInternal(CorsFilter.java:91)
	at org.springframework.web.filter.OncePerRequestFilter.doFilter(OncePerRequestFilter.java:116)
	at org.springframework.security.web.FilterChainProxy$VirtualFilterChain.doFilter(FilterChainProxy.java:374)
	at org.springframework.security.web.header.HeaderWriterFilter.doHeadersAfter(HeaderWriterFilter.java:90)
	at org.springframework.security.web.header.HeaderWriterFilter.doFilterInternal(HeaderWriterFilter.java:75)
	at org.springframework.web.filter.OncePerRequestFilter.doFilter(OncePerRequestFilter.java:116)
	at org.springframework.security.web.FilterChainProxy$VirtualFilterChain.doFilter(FilterChainProxy.java:374)
	at org.springframework.security.web.context.SecurityContextHolderFilter.doFilter(SecurityContextHolderFilter.java:82)
	at org.springframework.security.web.context.SecurityContextHolderFilter.doFilter(SecurityContextHolderFilter.java:69)
	at org.springframework.security.web.FilterChainProxy$VirtualFilterChain.doFilter(FilterChainProxy.java:374)
	at org.springframework.security.web.context.request.async.WebAsyncManagerIntegrationFilter.doFilterInternal(WebAsyncManagerIntegrationFilter.java:62)
	at org.springframework.web.filter.OncePerRequestFilter.doFilter(OncePerRequestFilter.java:116)
	at org.springframework.security.web.FilterChainProxy$VirtualFilterChain.doFilter(FilterChainProxy.java:374)
	at org.springframework.security.web.session.DisableEncodeUrlFilter.doFilterInternal(DisableEncodeUrlFilter.java:42)
	at org.springframework.web.filter.OncePerRequestFilter.doFilter(OncePerRequestFilter.java:116)
	at org.springframework.security.web.FilterChainProxy$VirtualFilterChain.doFilter(FilterChainProxy.java:374)
	at org.springframework.security.web.FilterChainProxy.doFilterInternal(FilterChainProxy.java:233)
	at org.springframework.security.web.FilterChainProxy.doFilter(FilterChainProxy.java:191)
	at org.springframework.web.filter.DelegatingFilterProxy.invokeDelegate(DelegatingFilterProxy.java:352)
	at org.springframework.web.filter.DelegatingFilterProxy.doFilter(DelegatingFilterProxy.java:268)
	at org.apache.catalina.core.ApplicationFilterChain.internalDoFilter(ApplicationFilterChain.java:174)
	at org.apache.catalina.core.ApplicationFilterChain.doFilter(ApplicationFilterChain.java:149)
	at org.springframework.web.filter.RequestContextFilter.doFilterInternal(RequestContextFilter.java:100)
	at org.springframework.web.filter.OncePerRequestFilter.doFilter(OncePerRequestFilter.java:116)
	at org.apache.catalina.core.ApplicationFilterChain.internalDoFilter(ApplicationFilterChain.java:174)
	at org.apache.catalina.core.ApplicationFilterChain.doFilter(ApplicationFilterChain.java:149)
	at org.springframework.web.filter.FormContentFilter.doFilterInternal(FormContentFilter.java:93)
	at org.springframework.web.filter.OncePerRequestFilter.doFilter(OncePerRequestFilter.java:116)
	at org.apache.catalina.core.ApplicationFilterChain.internalDoFilter(ApplicationFilterChain.java:174)
	at org.apache.catalina.core.ApplicationFilterChain.doFilter(ApplicationFilterChain.java:149)
	at org.springframework.web.filter.CharacterEncodingFilter.doFilterInternal(CharacterEncodingFilter.java:201)
	at org.springframework.web.filter.OncePerRequestFilter.doFilter(OncePerRequestFilter.java:116)
	at org.apache.catalina.core.ApplicationFilterChain.internalDoFilter(ApplicationFilterChain.java:174)
	at org.apache.catalina.core.ApplicationFilterChain.doFilter(ApplicationFilterChain.java:149)
	at org.apache.catalina.core.StandardWrapperValve.invoke(StandardWrapperValve.java:166)
	at org.apache.catalina.core.StandardContextValve.invoke(StandardContextValve.java:90)
	at org.apache.catalina.authenticator.AuthenticatorBase.invoke(AuthenticatorBase.java:482)
	at org.apache.catalina.core.StandardHostValve.invoke(StandardHostValve.java:115)
	at org.apache.catalina.valves.ErrorReportValve.invoke(ErrorReportValve.java:93)
	at org.apache.catalina.core.StandardEngineValve.invoke(StandardEngineValve.java:74)
	at org.apache.catalina.connector.CoyoteAdapter.service(CoyoteAdapter.java:341)
	at org.apache.coyote.http11.Http11Processor.service(Http11Processor.java:391)
	at org.apache.coyote.AbstractProcessorLight.process(AbstractProcessorLight.java:63)
	at org.apache.coyote.AbstractProtocol$ConnectionHandler.process(AbstractProtocol.java:894)
	at org.apache.tomcat.util.net.NioEndpoint$SocketProcessor.doRun(NioEndpoint.java:1741)
	at org.apache.tomcat.util.net.SocketProcessorBase.run(SocketProcessorBase.java:52)
	at org.apache.tomcat.util.threads.ThreadPoolExecutor.runWorker(ThreadPoolExecutor.java:1191)
	at org.apache.tomcat.util.threads.ThreadPoolExecutor$Worker.run(ThreadPoolExecutor.java:659)
	at org.apache.tomcat.util.threads.TaskThread$WrappingRunnable.run(TaskThread.java:61)
	at java.base/java.lang.Thread.run(Thread.java:840)
2026-05-14 00:01:02 [http-nio-8080-exec-9] ERROR o.a.c.c.C.[.[.[.[dispatcherServlet] - Servlet.service() for servlet [dispatcherServlet] in context with path [] threw exception
io.jsonwebtoken.ExpiredJwtException: JWT expired at 2026-05-14T00:00:06Z. Current time: 2026-05-14T00:01:02Z, a difference of 56814 milliseconds.  Allowed clock skew: 0 milliseconds.
	at io.jsonwebtoken.impl.DefaultJwtParser.parse(DefaultJwtParser.java:427)
	at io.jsonwebtoken.impl.DefaultJwtParser.parse(DefaultJwtParser.java:529)
	at io.jsonwebtoken.impl.DefaultJwtParser.parseClaimsJws(DefaultJwtParser.java:589)
	at io.jsonwebtoken.impl.ImmutableJwtParser.parseClaimsJws(ImmutableJwtParser.java:173)
	at com.example.demo.security.JwtUtil.extractAllClaims(JwtUtil.java:62)
	at com.example.demo.security.JwtUtil.extractClaim(JwtUtil.java:54)
	at com.example.demo.security.JwtUtil.extractUsername(JwtUtil.java:37)
	at com.example.demo.security.JwtRequestFilter.doFilterInternal(JwtRequestFilter.java:52)
	at org.springframework.web.filter.OncePerRequestFilter.doFilter(OncePerRequestFilter.java:116)
	at org.springframework.security.web.FilterChainProxy$VirtualFilterChain.doFilter(FilterChainProxy.java:374)
	at org.springframework.security.web.authentication.AbstractAuthenticationProcessingFilter.doFilter(AbstractAuthenticationProcessingFilter.java:227)
	at org.springframework.security.web.authentication.AbstractAuthenticationProcessingFilter.doFilter(AbstractAuthenticationProcessingFilter.java:221)
	at org.springframework.security.web.FilterChainProxy$VirtualFilterChain.doFilter(FilterChainProxy.java:374)
	at org.springframework.security.web.authentication.logout.LogoutFilter.doFilter(LogoutFilter.java:107)
	at org.springframework.security.web.authentication.logout.LogoutFilter.doFilter(LogoutFilter.java:93)
	at org.springframework.security.web.FilterChainProxy$VirtualFilterChain.doFilter(FilterChainProxy.java:374)
	at org.springframework.web.filter.CorsFilter.doFilterInternal(CorsFilter.java:91)
	at org.springframework.web.filter.OncePerRequestFilter.doFilter(OncePerRequestFilter.java:116)
	at org.springframework.security.web.FilterChainProxy$VirtualFilterChain.doFilter(FilterChainProxy.java:374)
	at org.springframework.security.web.header.HeaderWriterFilter.doHeadersAfter(HeaderWriterFilter.java:90)
	at org.springframework.security.web.header.HeaderWriterFilter.doFilterInternal(HeaderWriterFilter.java:75)
	at org.springframework.web.filter.OncePerRequestFilter.doFilter(OncePerRequestFilter.java:116)
	at org.springframework.security.web.FilterChainProxy$VirtualFilterChain.doFilter(FilterChainProxy.java:374)
	at org.springframework.security.web.context.SecurityContextHolderFilter.doFilter(SecurityContextHolderFilter.java:82)
	at org.springframework.security.web.context.SecurityContextHolderFilter.doFilter(SecurityContextHolderFilter.java:69)
	at org.springframework.security.web.FilterChainProxy$VirtualFilterChain.doFilter(FilterChainProxy.java:374)
	at org.springframework.security.web.context.request.async.WebAsyncManagerIntegrationFilter.doFilterInternal(WebAsyncManagerIntegrationFilter.java:62)
	at org.springframework.web.filter.OncePerRequestFilter.doFilter(OncePerRequestFilter.java:116)
	at org.springframework.security.web.FilterChainProxy$VirtualFilterChain.doFilter(FilterChainProxy.java:374)
	at org.springframework.security.web.session.DisableEncodeUrlFilter.doFilterInternal(DisableEncodeUrlFilter.java:42)
	at org.springframework.web.filter.OncePerRequestFilter.doFilter(OncePerRequestFilter.java:116)
	at org.springframework.security.web.FilterChainProxy$VirtualFilterChain.doFilter(FilterChainProxy.java:374)
	at org.springframework.security.web.FilterChainProxy.doFilterInternal(FilterChainProxy.java:233)
	at org.springframework.security.web.FilterChainProxy.doFilter(FilterChainProxy.java:191)
	at org.springframework.web.filter.DelegatingFilterProxy.invokeDelegate(DelegatingFilterProxy.java:352)
	at org.springframework.web.filter.DelegatingFilterProxy.doFilter(DelegatingFilterProxy.java:268)
	at org.apache.catalina.core.ApplicationFilterChain.internalDoFilter(ApplicationFilterChain.java:174)
	at org.apache.catalina.core.ApplicationFilterChain.doFilter(ApplicationFilterChain.java:149)
	at org.springframework.web.filter.RequestContextFilter.doFilterInternal(RequestContextFilter.java:100)
	at org.springframework.web.filter.OncePerRequestFilter.doFilter(OncePerRequestFilter.java:116)
	at org.apache.catalina.core.ApplicationFilterChain.internalDoFilter(ApplicationFilterChain.java:174)
	at org.apache.catalina.core.ApplicationFilterChain.doFilter(ApplicationFilterChain.java:149)
	at org.springframework.web.filter.FormContentFilter.doFilterInternal(FormContentFilter.java:93)
	at org.springframework.web.filter.OncePerRequestFilter.doFilter(OncePerRequestFilter.java:116)
	at org.apache.catalina.core.ApplicationFilterChain.internalDoFilter(ApplicationFilterChain.java:174)
	at org.apache.catalina.core.ApplicationFilterChain.doFilter(ApplicationFilterChain.java:149)
	at org.springframework.web.filter.CharacterEncodingFilter.doFilterInternal(CharacterEncodingFilter.java:201)
	at org.springframework.web.filter.OncePerRequestFilter.doFilter(OncePerRequestFilter.java:116)
	at org.apache.catalina.core.ApplicationFilterChain.internalDoFilter(ApplicationFilterChain.java:174)
	at org.apache.catalina.core.ApplicationFilterChain.doFilter(ApplicationFilterChain.java:149)
	at org.apache.catalina.core.StandardWrapperValve.invoke(StandardWrapperValve.java:166)
	at org.apache.catalina.core.StandardContextValve.invoke(StandardContextValve.java:90)
	at org.apache.catalina.authenticator.AuthenticatorBase.invoke(AuthenticatorBase.java:482)
	at org.apache.catalina.core.StandardHostValve.invoke(StandardHostValve.java:115)
	at org.apache.catalina.valves.ErrorReportValve.invoke(ErrorReportValve.java:93)
	at org.apache.catalina.core.StandardEngineValve.invoke(StandardEngineValve.java:74)
	at org.apache.catalina.connector.CoyoteAdapter.service(CoyoteAdapter.java:341)
	at org.apache.coyote.http11.Http11Processor.service(Http11Processor.java:391)
	at org.apache.coyote.AbstractProcessorLight.process(AbstractProcessorLight.java:63)
	at org.apache.coyote.AbstractProtocol$ConnectionHandler.process(AbstractProtocol.java:894)
	at org.apache.tomcat.util.net.NioEndpoint$SocketProcessor.doRun(NioEndpoint.java:1741)
	at org.apache.tomcat.util.net.SocketProcessorBase.run(SocketProcessorBase.java:52)
	at org.apache.tomcat.util.threads.ThreadPoolExecutor.runWorker(ThreadPoolExecutor.java:1191)
	at org.apache.tomcat.util.threads.ThreadPoolExecutor$Worker.run(ThreadPoolExecutor.java:659)
	at org.apache.tomcat.util.threads.TaskThread$WrappingRunnable.run(TaskThread.java:61)
	at java.base/java.lang.Thread.run(Thread.java:840)
2026-05-14 00:01:02 [http-nio-8080-exec-10] ERROR o.a.c.c.C.[.[.[.[dispatcherServlet] - Servlet.service() for servlet [dispatcherServlet] in context with path [] threw exception
io.jsonwebtoken.ExpiredJwtException: JWT expired at 2026-05-14T00:00:06Z. Current time: 2026-05-14T00:01:02Z, a difference of 56963 milliseconds.  Allowed clock skew: 0 milliseconds.
	at io.jsonwebtoken.impl.DefaultJwtParser.parse(DefaultJwtParser.java:427)
	at io.jsonwebtoken.impl.DefaultJwtParser.parse(DefaultJwtParser.java:529)
	at io.jsonwebtoken.impl.DefaultJwtParser.parseClaimsJws(DefaultJwtParser.java:589)
	at io.jsonwebtoken.impl.ImmutableJwtParser.parseClaimsJws(ImmutableJwtParser.java:173)
	at com.example.demo.security.JwtUtil.extractAllClaims(JwtUtil.java:62)
	at com.example.demo.security.JwtUtil.extractClaim(JwtUtil.java:54)
	at com.example.demo.security.JwtUtil.extractUsername(JwtUtil.java:37)
	at com.example.demo.security.JwtRequestFilter.doFilterInternal(JwtRequestFilter.java:52)
	at org.springframework.web.filter.OncePerRequestFilter.doFilter(OncePerRequestFilter.java:116)
	at org.springframework.security.web.FilterChainProxy$VirtualFilterChain.doFilter(FilterChainProxy.java:374)
	at org.springframework.security.web.authentication.AbstractAuthenticationProcessingFilter.doFilter(AbstractAuthenticationProcessingFilter.java:227)
	at org.springframework.security.web.authentication.AbstractAuthenticationProcessingFilter.doFilter(AbstractAuthenticationProcessingFilter.java:221)
	at org.springframework.security.web.FilterChainProxy$VirtualFilterChain.doFilter(FilterChainProxy.java:374)
	at org.springframework.security.web.authentication.logout.LogoutFilter.doFilter(LogoutFilter.java:107)
	at org.springframework.security.web.authentication.logout.LogoutFilter.doFilter(LogoutFilter.java:93)
	at org.springframework.security.web.FilterChainProxy$VirtualFilterChain.doFilter(FilterChainProxy.java:374)
	at org.springframework.web.filter.CorsFilter.doFilterInternal(CorsFilter.java:91)
	at org.springframework.web.filter.OncePerRequestFilter.doFilter(OncePerRequestFilter.java:116)
	at org.springframework.security.web.FilterChainProxy$VirtualFilterChain.doFilter(FilterChainProxy.java:374)
	at org.springframework.security.web.header.HeaderWriterFilter.doHeadersAfter(HeaderWriterFilter.java:90)
	at org.springframework.security.web.header.HeaderWriterFilter.doFilterInternal(HeaderWriterFilter.java:75)
	at org.springframework.web.filter.OncePerRequestFilter.doFilter(OncePerRequestFilter.java:116)
	at org.springframework.security.web.FilterChainProxy$VirtualFilterChain.doFilter(FilterChainProxy.java:374)
	at org.springframework.security.web.context.SecurityContextHolderFilter.doFilter(SecurityContextHolderFilter.java:82)
	at org.springframework.security.web.context.SecurityContextHolderFilter.doFilter(SecurityContextHolderFilter.java:69)
	at org.springframework.security.web.FilterChainProxy$VirtualFilterChain.doFilter(FilterChainProxy.java:374)
	at org.springframework.security.web.context.request.async.WebAsyncManagerIntegrationFilter.doFilterInternal(WebAsyncManagerIntegrationFilter.java:62)
	at org.springframework.web.filter.OncePerRequestFilter.doFilter(OncePerRequestFilter.java:116)
	at org.springframework.security.web.FilterChainProxy$VirtualFilterChain.doFilter(FilterChainProxy.java:374)
	at org.springframework.security.web.session.DisableEncodeUrlFilter.doFilterInternal(DisableEncodeUrlFilter.java:42)
	at org.springframework.web.filter.OncePerRequestFilter.doFilter(OncePerRequestFilter.java:116)
	at org.springframework.security.web.FilterChainProxy$VirtualFilterChain.doFilter(FilterChainProxy.java:374)
	at org.springframework.security.web.FilterChainProxy.doFilterInternal(FilterChainProxy.java:233)
	at org.springframework.security.web.FilterChainProxy.doFilter(FilterChainProxy.java:191)
	at org.springframework.web.filter.DelegatingFilterProxy.invokeDelegate(DelegatingFilterProxy.java:352)
	at org.springframework.web.filter.DelegatingFilterProxy.doFilter(DelegatingFilterProxy.java:268)
	at org.apache.catalina.core.ApplicationFilterChain.internalDoFilter(ApplicationFilterChain.java:174)
	at org.apache.catalina.core.ApplicationFilterChain.doFilter(ApplicationFilterChain.java:149)
	at org.springframework.web.filter.RequestContextFilter.doFilterInternal(RequestContextFilter.java:100)
	at org.springframework.web.filter.OncePerRequestFilter.doFilter(OncePerRequestFilter.java:116)
	at org.apache.catalina.core.ApplicationFilterChain.internalDoFilter(ApplicationFilterChain.java:174)
	at org.apache.catalina.core.ApplicationFilterChain.doFilter(ApplicationFilterChain.java:149)
	at org.springframework.web.filter.FormContentFilter.doFilterInternal(FormContentFilter.java:93)
	at org.springframework.web.filter.OncePerRequestFilter.doFilter(OncePerRequestFilter.java:116)
	at org.apache.catalina.core.ApplicationFilterChain.internalDoFilter(ApplicationFilterChain.java:174)
	at org.apache.catalina.core.ApplicationFilterChain.doFilter(ApplicationFilterChain.java:149)
	at org.springframework.web.filter.CharacterEncodingFilter.doFilterInternal(CharacterEncodingFilter.java:201)
	at org.springframework.web.filter.OncePerRequestFilter.doFilter(OncePerRequestFilter.java:116)
	at org.apache.catalina.core.ApplicationFilterChain.internalDoFilter(ApplicationFilterChain.java:174)
	at org.apache.catalina.core.ApplicationFilterChain.doFilter(ApplicationFilterChain.java:149)
	at org.apache.catalina.core.StandardWrapperValve.invoke(StandardWrapperValve.java:166)
	at org.apache.catalina.core.StandardContextValve.invoke(StandardContextValve.java:90)
	at org.apache.catalina.authenticator.AuthenticatorBase.invoke(AuthenticatorBase.java:482)
	at org.apache.catalina.core.StandardHostValve.invoke(StandardHostValve.java:115)
	at org.apache.catalina.valves.ErrorReportValve.invoke(ErrorReportValve.java:93)
	at org.apache.catalina.core.StandardEngineValve.invoke(StandardEngineValve.java:74)
	at org.apache.catalina.connector.CoyoteAdapter.service(CoyoteAdapter.java:341)
	at org.apache.coyote.http11.Http11Processor.service(Http11Processor.java:391)
	at org.apache.coyote.AbstractProcessorLight.process(AbstractProcessorLight.java:63)
	at org.apache.coyote.AbstractProtocol$ConnectionHandler.process(AbstractProtocol.java:894)
	at org.apache.tomcat.util.net.NioEndpoint$SocketProcessor.doRun(NioEndpoint.java:1741)
	at org.apache.tomcat.util.net.SocketProcessorBase.run(SocketProcessorBase.java:52)
	at org.apache.tomcat.util.threads.ThreadPoolExecutor.runWorker(ThreadPoolExecutor.java:1191)
	at org.apache.tomcat.util.threads.ThreadPoolExecutor$Worker.run(ThreadPoolExecutor.java:659)
	at org.apache.tomcat.util.threads.TaskThread$WrappingRunnable.run(TaskThread.java:61)
	at java.base/java.lang.Thread.run(Thread.java:840)
2026-05-14 00:02:05 [http-nio-8080-exec-6] INFO  UserActivity - leospace001 logged in successfully: 
2026-05-14 00:02:36 [http-nio-8080-exec-7] INFO  UserActivity - leospace001 logged in successfully: 
2026-05-14 00:03:02 [http-nio-8080-exec-9] ERROR o.a.c.c.C.[.[.[.[dispatcherServlet] - Servlet.service() for servlet [dispatcherServlet] in context with path [] threw exception
io.jsonwebtoken.ExpiredJwtException: JWT expired at 2026-05-14T00:02:36Z. Current time: 2026-05-14T00:03:02Z, a difference of 26654 milliseconds.  Allowed clock skew: 0 milliseconds.
	at io.jsonwebtoken.impl.DefaultJwtParser.parse(DefaultJwtParser.java:427)
	at io.jsonwebtoken.impl.DefaultJwtParser.parse(DefaultJwtParser.java:529)
	at io.jsonwebtoken.impl.DefaultJwtParser.parseClaimsJws(DefaultJwtParser.java:589)
	at io.jsonwebtoken.impl.ImmutableJwtParser.parseClaimsJws(ImmutableJwtParser.java:173)
	at com.example.demo.security.JwtUtil.extractAllClaims(JwtUtil.java:62)
	at com.example.demo.security.JwtUtil.extractClaim(JwtUtil.java:54)
	at com.example.demo.security.JwtUtil.extractUsername(JwtUtil.java:37)
	at com.example.demo.security.JwtRequestFilter.doFilterInternal(JwtRequestFilter.java:52)
	at org.springframework.web.filter.OncePerRequestFilter.doFilter(OncePerRequestFilter.java:116)
	at org.springframework.security.web.FilterChainProxy$VirtualFilterChain.doFilter(FilterChainProxy.java:374)
	at org.springframework.security.web.authentication.AbstractAuthenticationProcessingFilter.doFilter(AbstractAuthenticationProcessingFilter.java:227)
	at org.springframework.security.web.authentication.AbstractAuthenticationProcessingFilter.doFilter(AbstractAuthenticationProcessingFilter.java:221)
	at org.springframework.security.web.FilterChainProxy$VirtualFilterChain.doFilter(FilterChainProxy.java:374)
	at org.springframework.security.web.authentication.logout.LogoutFilter.doFilter(LogoutFilter.java:107)
	at org.springframework.security.web.authentication.logout.LogoutFilter.doFilter(LogoutFilter.java:93)
	at org.springframework.security.web.FilterChainProxy$VirtualFilterChain.doFilter(FilterChainProxy.java:374)
	at org.springframework.web.filter.CorsFilter.doFilterInternal(CorsFilter.java:91)
	at org.springframework.web.filter.OncePerRequestFilter.doFilter(OncePerRequestFilter.java:116)
	at org.springframework.security.web.FilterChainProxy$VirtualFilterChain.doFilter(FilterChainProxy.java:374)
	at org.springframework.security.web.header.HeaderWriterFilter.doHeadersAfter(HeaderWriterFilter.java:90)
	at org.springframework.security.web.header.HeaderWriterFilter.doFilterInternal(HeaderWriterFilter.java:75)
	at org.springframework.web.filter.OncePerRequestFilter.doFilter(OncePerRequestFilter.java:116)
	at org.springframework.security.web.FilterChainProxy$VirtualFilterChain.doFilter(FilterChainProxy.java:374)
	at org.springframework.security.web.context.SecurityContextHolderFilter.doFilter(SecurityContextHolderFilter.java:82)
	at org.springframework.security.web.context.SecurityContextHolderFilter.doFilter(SecurityContextHolderFilter.java:69)
	at org.springframework.security.web.FilterChainProxy$VirtualFilterChain.doFilter(FilterChainProxy.java:374)
	at org.springframework.security.web.context.request.async.WebAsyncManagerIntegrationFilter.doFilterInternal(WebAsyncManagerIntegrationFilter.java:62)
	at org.springframework.web.filter.OncePerRequestFilter.doFilter(OncePerRequestFilter.java:116)
	at org.springframework.security.web.FilterChainProxy$VirtualFilterChain.doFilter(FilterChainProxy.java:374)
	at org.springframework.security.web.session.DisableEncodeUrlFilter.doFilterInternal(DisableEncodeUrlFilter.java:42)
	at org.springframework.web.filter.OncePerRequestFilter.doFilter(OncePerRequestFilter.java:116)
	at org.springframework.security.web.FilterChainProxy$VirtualFilterChain.doFilter(FilterChainProxy.java:374)
	at org.springframework.security.web.FilterChainProxy.doFilterInternal(FilterChainProxy.java:233)
	at org.springframework.security.web.FilterChainProxy.doFilter(FilterChainProxy.java:191)
	at org.springframework.web.filter.DelegatingFilterProxy.invokeDelegate(DelegatingFilterProxy.java:352)
	at org.springframework.web.filter.DelegatingFilterProxy.doFilter(DelegatingFilterProxy.java:268)
	at org.apache.catalina.core.ApplicationFilterChain.internalDoFilter(ApplicationFilterChain.java:174)
	at org.apache.catalina.core.ApplicationFilterChain.doFilter(ApplicationFilterChain.java:149)
	at org.springframework.web.filter.RequestContextFilter.doFilterInternal(RequestContextFilter.java:100)
	at org.springframework.web.filter.OncePerRequestFilter.doFilter(OncePerRequestFilter.java:116)
	at org.apache.catalina.core.ApplicationFilterChain.internalDoFilter(ApplicationFilterChain.java:174)
	at org.apache.catalina.core.ApplicationFilterChain.doFilter(ApplicationFilterChain.java:149)
	at org.springframework.web.filter.FormContentFilter.doFilterInternal(FormContentFilter.java:93)
	at org.springframework.web.filter.OncePerRequestFilter.doFilter(OncePerRequestFilter.java:116)
	at org.apache.catalina.core.ApplicationFilterChain.internalDoFilter(ApplicationFilterChain.java:174)
	at org.apache.catalina.core.ApplicationFilterChain.doFilter(ApplicationFilterChain.java:149)
	at org.springframework.web.filter.CharacterEncodingFilter.doFilterInternal(CharacterEncodingFilter.java:201)
	at org.springframework.web.filter.OncePerRequestFilter.doFilter(OncePerRequestFilter.java:116)
	at org.apache.catalina.core.ApplicationFilterChain.internalDoFilter(ApplicationFilterChain.java:174)
	at org.apache.catalina.core.ApplicationFilterChain.doFilter(ApplicationFilterChain.java:149)
	at org.apache.catalina.core.StandardWrapperValve.invoke(StandardWrapperValve.java:166)
	at org.apache.catalina.core.StandardContextValve.invoke(StandardContextValve.java:90)
	at org.apache.catalina.authenticator.AuthenticatorBase.invoke(AuthenticatorBase.java:482)
	at org.apache.catalina.core.StandardHostValve.invoke(StandardHostValve.java:115)
	at org.apache.catalina.valves.ErrorReportValve.invoke(ErrorReportValve.java:93)
	at org.apache.catalina.core.StandardEngineValve.invoke(StandardEngineValve.java:74)
	at org.apache.catalina.connector.CoyoteAdapter.service(CoyoteAdapter.java:341)
	at org.apache.coyote.http11.Http11Processor.service(Http11Processor.java:391)
	at org.apache.coyote.AbstractProcessorLight.process(AbstractProcessorLight.java:63)
	at org.apache.coyote.AbstractProtocol$ConnectionHandler.process(AbstractProtocol.java:894)
	at org.apache.tomcat.util.net.NioEndpoint$SocketProcessor.doRun(NioEndpoint.java:1741)
	at org.apache.tomcat.util.net.SocketProcessorBase.run(SocketProcessorBase.java:52)
	at org.apache.tomcat.util.threads.ThreadPoolExecutor.runWorker(ThreadPoolExecutor.java:1191)
	at org.apache.tomcat.util.threads.ThreadPoolExecutor$Worker.run(ThreadPoolExecutor.java:659)
	at org.apache.tomcat.util.threads.TaskThread$WrappingRunnable.run(TaskThread.java:61)
	at java.base/java.lang.Thread.run(Thread.java:840)
2026-05-14 00:03:03 [http-nio-8080-exec-10] ERROR o.a.c.c.C.[.[.[.[dispatcherServlet] - Servlet.service() for servlet [dispatcherServlet] in context with path [] threw exception
io.jsonwebtoken.ExpiredJwtException: JWT expired at 2026-05-14T00:02:36Z. Current time: 2026-05-14T00:03:03Z, a difference of 27261 milliseconds.  Allowed clock skew: 0 milliseconds.
	at io.jsonwebtoken.impl.DefaultJwtParser.parse(DefaultJwtParser.java:427)
	at io.jsonwebtoken.impl.DefaultJwtParser.parse(DefaultJwtParser.java:529)
	at io.jsonwebtoken.impl.DefaultJwtParser.parseClaimsJws(DefaultJwtParser.java:589)
	at io.jsonwebtoken.impl.ImmutableJwtParser.parseClaimsJws(ImmutableJwtParser.java:173)
	at com.example.demo.security.JwtUtil.extractAllClaims(JwtUtil.java:62)
	at com.example.demo.security.JwtUtil.extractClaim(JwtUtil.java:54)
	at com.example.demo.security.JwtUtil.extractUsername(JwtUtil.java:37)
	at com.example.demo.security.JwtRequestFilter.doFilterInternal(JwtRequestFilter.java:52)
	at org.springframework.web.filter.OncePerRequestFilter.doFilter(OncePerRequestFilter.java:116)
	at org.springframework.security.web.FilterChainProxy$VirtualFilterChain.doFilter(FilterChainProxy.java:374)
	at org.springframework.security.web.authentication.AbstractAuthenticationProcessingFilter.doFilter(AbstractAuthenticationProcessingFilter.java:227)
	at org.springframework.security.web.authentication.AbstractAuthenticationProcessingFilter.doFilter(AbstractAuthenticationProcessingFilter.java:221)
	at org.springframework.security.web.FilterChainProxy$VirtualFilterChain.doFilter(FilterChainProxy.java:374)
	at org.springframework.security.web.authentication.logout.LogoutFilter.doFilter(LogoutFilter.java:107)
	at org.springframework.security.web.authentication.logout.LogoutFilter.doFilter(LogoutFilter.java:93)
	at org.springframework.security.web.FilterChainProxy$VirtualFilterChain.doFilter(FilterChainProxy.java:374)
	at org.springframework.web.filter.CorsFilter.doFilterInternal(CorsFilter.java:91)
	at org.springframework.web.filter.OncePerRequestFilter.doFilter(OncePerRequestFilter.java:116)
	at org.springframework.security.web.FilterChainProxy$VirtualFilterChain.doFilter(FilterChainProxy.java:374)
	at org.springframework.security.web.header.HeaderWriterFilter.doHeadersAfter(HeaderWriterFilter.java:90)
	at org.springframework.security.web.header.HeaderWriterFilter.doFilterInternal(HeaderWriterFilter.java:75)
	at org.springframework.web.filter.OncePerRequestFilter.doFilter(OncePerRequestFilter.java:116)
	at org.springframework.security.web.FilterChainProxy$VirtualFilterChain.doFilter(FilterChainProxy.java:374)
	at org.springframework.security.web.context.SecurityContextHolderFilter.doFilter(SecurityContextHolderFilter.java:82)
	at org.springframework.security.web.context.SecurityContextHolderFilter.doFilter(SecurityContextHolderFilter.java:69)
	at org.springframework.security.web.FilterChainProxy$VirtualFilterChain.doFilter(FilterChainProxy.java:374)
	at org.springframework.security.web.context.request.async.WebAsyncManagerIntegrationFilter.doFilterInternal(WebAsyncManagerIntegrationFilter.java:62)
	at org.springframework.web.filter.OncePerRequestFilter.doFilter(OncePerRequestFilter.java:116)
	at org.springframework.security.web.FilterChainProxy$VirtualFilterChain.doFilter(FilterChainProxy.java:374)
	at org.springframework.security.web.session.DisableEncodeUrlFilter.doFilterInternal(DisableEncodeUrlFilter.java:42)
	at org.springframework.web.filter.OncePerRequestFilter.doFilter(OncePerRequestFilter.java:116)
	at org.springframework.security.web.FilterChainProxy$VirtualFilterChain.doFilter(FilterChainProxy.java:374)
	at org.springframework.security.web.FilterChainProxy.doFilterInternal(FilterChainProxy.java:233)
	at org.springframework.security.web.FilterChainProxy.doFilter(FilterChainProxy.java:191)
	at org.springframework.web.filter.DelegatingFilterProxy.invokeDelegate(DelegatingFilterProxy.java:352)
	at org.springframework.web.filter.DelegatingFilterProxy.doFilter(DelegatingFilterProxy.java:268)
	at org.apache.catalina.core.ApplicationFilterChain.internalDoFilter(ApplicationFilterChain.java:174)
	at org.apache.catalina.core.ApplicationFilterChain.doFilter(ApplicationFilterChain.java:149)
	at org.springframework.web.filter.RequestContextFilter.doFilterInternal(RequestContextFilter.java:100)
	at org.springframework.web.filter.OncePerRequestFilter.doFilter(OncePerRequestFilter.java:116)
	at org.apache.catalina.core.ApplicationFilterChain.internalDoFilter(ApplicationFilterChain.java:174)
	at org.apache.catalina.core.ApplicationFilterChain.doFilter(ApplicationFilterChain.java:149)
	at org.springframework.web.filter.FormContentFilter.doFilterInternal(FormContentFilter.java:93)
	at org.springframework.web.filter.OncePerRequestFilter.doFilter(OncePerRequestFilter.java:116)
	at org.apache.catalina.core.ApplicationFilterChain.internalDoFilter(ApplicationFilterChain.java:174)
	at org.apache.catalina.core.ApplicationFilterChain.doFilter(ApplicationFilterChain.java:149)
	at org.springframework.web.filter.CharacterEncodingFilter.doFilterInternal(CharacterEncodingFilter.java:201)
	at org.springframework.web.filter.OncePerRequestFilter.doFilter(OncePerRequestFilter.java:116)
	at org.apache.catalina.core.ApplicationFilterChain.internalDoFilter(ApplicationFilterChain.java:174)
	at org.apache.catalina.core.ApplicationFilterChain.doFilter(ApplicationFilterChain.java:149)
	at org.apache.catalina.core.StandardWrapperValve.invoke(StandardWrapperValve.java:166)
	at org.apache.catalina.core.StandardContextValve.invoke(StandardContextValve.java:90)
	at org.apache.catalina.authenticator.AuthenticatorBase.invoke(AuthenticatorBase.java:482)
	at org.apache.catalina.core.StandardHostValve.invoke(StandardHostValve.java:115)
	at org.apache.catalina.valves.ErrorReportValve.invoke(ErrorReportValve.java:93)
	at org.apache.catalina.core.StandardEngineValve.invoke(StandardEngineValve.java:74)
	at org.apache.catalina.connector.CoyoteAdapter.service(CoyoteAdapter.java:341)
	at org.apache.coyote.http11.Http11Processor.service(Http11Processor.java:391)
	at org.apache.coyote.AbstractProcessorLight.process(AbstractProcessorLight.java:63)
	at org.apache.coyote.AbstractProtocol$ConnectionHandler.process(AbstractProtocol.java:894)
	at org.apache.tomcat.util.net.NioEndpoint$SocketProcessor.doRun(NioEndpoint.java:1741)
	at org.apache.tomcat.util.net.SocketProcessorBase.run(SocketProcessorBase.java:52)
	at org.apache.tomcat.util.threads.ThreadPoolExecutor.runWorker(ThreadPoolExecutor.java:1191)
	at org.apache.tomcat.util.threads.ThreadPoolExecutor$Worker.run(ThreadPoolExecutor.java:659)
	at org.apache.tomcat.util.threads.TaskThread$WrappingRunnable.run(TaskThread.java:61)
	at java.base/java.lang.Thread.run(Thread.java:840)
2026-05-14 00:03:03 [http-nio-8080-exec-2] ERROR o.a.c.c.C.[.[.[.[dispatcherServlet] - Servlet.service() for servlet [dispatcherServlet] in context with path [] threw exception
io.jsonwebtoken.ExpiredJwtException: JWT expired at 2026-05-14T00:02:36Z. Current time: 2026-05-14T00:03:03Z, a difference of 27430 milliseconds.  Allowed clock skew: 0 milliseconds.
	at io.jsonwebtoken.impl.DefaultJwtParser.parse(DefaultJwtParser.java:427)
	at io.jsonwebtoken.impl.DefaultJwtParser.parse(DefaultJwtParser.java:529)
	at io.jsonwebtoken.impl.DefaultJwtParser.parseClaimsJws(DefaultJwtParser.java:589)
	at io.jsonwebtoken.impl.ImmutableJwtParser.parseClaimsJws(ImmutableJwtParser.java:173)
	at com.example.demo.security.JwtUtil.extractAllClaims(JwtUtil.java:62)
	at com.example.demo.security.JwtUtil.extractClaim(JwtUtil.java:54)
	at com.example.demo.security.JwtUtil.extractUsername(JwtUtil.java:37)
	at com.example.demo.security.JwtRequestFilter.doFilterInternal(JwtRequestFilter.java:52)
	at org.springframework.web.filter.OncePerRequestFilter.doFilter(OncePerRequestFilter.java:116)
	at org.springframework.security.web.FilterChainProxy$VirtualFilterChain.doFilter(FilterChainProxy.java:374)
	at org.springframework.security.web.authentication.AbstractAuthenticationProcessingFilter.doFilter(AbstractAuthenticationProcessingFilter.java:227)
	at org.springframework.security.web.authentication.AbstractAuthenticationProcessingFilter.doFilter(AbstractAuthenticationProcessingFilter.java:221)
	at org.springframework.security.web.FilterChainProxy$VirtualFilterChain.doFilter(FilterChainProxy.java:374)
	at org.springframework.security.web.authentication.logout.LogoutFilter.doFilter(LogoutFilter.java:107)
	at org.springframework.security.web.authentication.logout.LogoutFilter.doFilter(LogoutFilter.java:93)
	at org.springframework.security.web.FilterChainProxy$VirtualFilterChain.doFilter(FilterChainProxy.java:374)
	at org.springframework.web.filter.CorsFilter.doFilterInternal(CorsFilter.java:91)
	at org.springframework.web.filter.OncePerRequestFilter.doFilter(OncePerRequestFilter.java:116)
	at org.springframework.security.web.FilterChainProxy$VirtualFilterChain.doFilter(FilterChainProxy.java:374)
	at org.springframework.security.web.header.HeaderWriterFilter.doHeadersAfter(HeaderWriterFilter.java:90)
	at org.springframework.security.web.header.HeaderWriterFilter.doFilterInternal(HeaderWriterFilter.java:75)
	at org.springframework.web.filter.OncePerRequestFilter.doFilter(OncePerRequestFilter.java:116)
	at org.springframework.security.web.FilterChainProxy$VirtualFilterChain.doFilter(FilterChainProxy.java:374)
	at org.springframework.security.web.context.SecurityContextHolderFilter.doFilter(SecurityContextHolderFilter.java:82)
	at org.springframework.security.web.context.SecurityContextHolderFilter.doFilter(SecurityContextHolderFilter.java:69)
	at org.springframework.security.web.FilterChainProxy$VirtualFilterChain.doFilter(FilterChainProxy.java:374)
	at org.springframework.security.web.context.request.async.WebAsyncManagerIntegrationFilter.doFilterInternal(WebAsyncManagerIntegrationFilter.java:62)
	at org.springframework.web.filter.OncePerRequestFilter.doFilter(OncePerRequestFilter.java:116)
	at org.springframework.security.web.FilterChainProxy$VirtualFilterChain.doFilter(FilterChainProxy.java:374)
	at org.springframework.security.web.session.DisableEncodeUrlFilter.doFilterInternal(DisableEncodeUrlFilter.java:42)
	at org.springframework.web.filter.OncePerRequestFilter.doFilter(OncePerRequestFilter.java:116)
	at org.springframework.security.web.FilterChainProxy$VirtualFilterChain.doFilter(FilterChainProxy.java:374)
	at org.springframework.security.web.FilterChainProxy.doFilterInternal(FilterChainProxy.java:233)
	at org.springframework.security.web.FilterChainProxy.doFilter(FilterChainProxy.java:191)
	at org.springframework.web.filter.DelegatingFilterProxy.invokeDelegate(DelegatingFilterProxy.java:352)
	at org.springframework.web.filter.DelegatingFilterProxy.doFilter(DelegatingFilterProxy.java:268)
	at org.apache.catalina.core.ApplicationFilterChain.internalDoFilter(ApplicationFilterChain.java:174)
	at org.apache.catalina.core.ApplicationFilterChain.doFilter(ApplicationFilterChain.java:149)
	at org.springframework.web.filter.RequestContextFilter.doFilterInternal(RequestContextFilter.java:100)
	at org.springframework.web.filter.OncePerRequestFilter.doFilter(OncePerRequestFilter.java:116)
	at org.apache.catalina.core.ApplicationFilterChain.internalDoFilter(ApplicationFilterChain.java:174)
	at org.apache.catalina.core.ApplicationFilterChain.doFilter(ApplicationFilterChain.java:149)
	at org.springframework.web.filter.FormContentFilter.doFilterInternal(FormContentFilter.java:93)
	at org.springframework.web.filter.OncePerRequestFilter.doFilter(OncePerRequestFilter.java:116)
	at org.apache.catalina.core.ApplicationFilterChain.internalDoFilter(ApplicationFilterChain.java:174)
	at org.apache.catalina.core.ApplicationFilterChain.doFilter(ApplicationFilterChain.java:149)
	at org.springframework.web.filter.CharacterEncodingFilter.doFilterInternal(CharacterEncodingFilter.java:201)
	at org.springframework.web.filter.OncePerRequestFilter.doFilter(OncePerRequestFilter.java:116)
	at org.apache.catalina.core.ApplicationFilterChain.internalDoFilter(ApplicationFilterChain.java:174)
	at org.apache.catalina.core.ApplicationFilterChain.doFilter(ApplicationFilterChain.java:149)
	at org.apache.catalina.core.StandardWrapperValve.invoke(StandardWrapperValve.java:166)
	at org.apache.catalina.core.StandardContextValve.invoke(StandardContextValve.java:90)
	at org.apache.catalina.authenticator.AuthenticatorBase.invoke(AuthenticatorBase.java:482)
	at org.apache.catalina.core.StandardHostValve.invoke(StandardHostValve.java:115)
	at org.apache.catalina.valves.ErrorReportValve.invoke(ErrorReportValve.java:93)
	at org.apache.catalina.core.StandardEngineValve.invoke(StandardEngineValve.java:74)
	at org.apache.catalina.connector.CoyoteAdapter.service(CoyoteAdapter.java:341)
	at org.apache.coyote.http11.Http11Processor.service(Http11Processor.java:391)
	at org.apache.coyote.AbstractProcessorLight.process(AbstractProcessorLight.java:63)
	at org.apache.coyote.AbstractProtocol$ConnectionHandler.process(AbstractProtocol.java:894)
	at org.apache.tomcat.util.net.NioEndpoint$SocketProcessor.doRun(NioEndpoint.java:1741)
	at org.apache.tomcat.util.net.SocketProcessorBase.run(SocketProcessorBase.java:52)
	at org.apache.tomcat.util.threads.ThreadPoolExecutor.runWorker(ThreadPoolExecutor.java:1191)
	at org.apache.tomcat.util.threads.ThreadPoolExecutor$Worker.run(ThreadPoolExecutor.java:659)
	at org.apache.tomcat.util.threads.TaskThread$WrappingRunnable.run(TaskThread.java:61)
	at java.base/java.lang.Thread.run(Thread.java:840)
2026-05-14 00:03:03 [http-nio-8080-exec-1] ERROR o.a.c.c.C.[.[.[.[dispatcherServlet] - Servlet.service() for servlet [dispatcherServlet] in context with path [] threw exception
io.jsonwebtoken.ExpiredJwtException: JWT expired at 2026-05-14T00:02:36Z. Current time: 2026-05-14T00:03:03Z, a difference of 27605 milliseconds.  Allowed clock skew: 0 milliseconds.
	at io.jsonwebtoken.impl.DefaultJwtParser.parse(DefaultJwtParser.java:427)
	at io.jsonwebtoken.impl.DefaultJwtParser.parse(DefaultJwtParser.java:529)
	at io.jsonwebtoken.impl.DefaultJwtParser.parseClaimsJws(DefaultJwtParser.java:589)
	at io.jsonwebtoken.impl.ImmutableJwtParser.parseClaimsJws(ImmutableJwtParser.java:173)
	at com.example.demo.security.JwtUtil.extractAllClaims(JwtUtil.java:62)
	at com.example.demo.security.JwtUtil.extractClaim(JwtUtil.java:54)
	at com.example.demo.security.JwtUtil.extractUsername(JwtUtil.java:37)
	at com.example.demo.security.JwtRequestFilter.doFilterInternal(JwtRequestFilter.java:52)
	at org.springframework.web.filter.OncePerRequestFilter.doFilter(OncePerRequestFilter.java:116)
	at org.springframework.security.web.FilterChainProxy$VirtualFilterChain.doFilter(FilterChainProxy.java:374)
	at org.springframework.security.web.authentication.AbstractAuthenticationProcessingFilter.doFilter(AbstractAuthenticationProcessingFilter.java:227)
	at org.springframework.security.web.authentication.AbstractAuthenticationProcessingFilter.doFilter(AbstractAuthenticationProcessingFilter.java:221)
	at org.springframework.security.web.FilterChainProxy$VirtualFilterChain.doFilter(FilterChainProxy.java:374)
	at org.springframework.security.web.authentication.logout.LogoutFilter.doFilter(LogoutFilter.java:107)
	at org.springframework.security.web.authentication.logout.LogoutFilter.doFilter(LogoutFilter.java:93)
	at org.springframework.security.web.FilterChainProxy$VirtualFilterChain.doFilter(FilterChainProxy.java:374)
	at org.springframework.web.filter.CorsFilter.doFilterInternal(CorsFilter.java:91)
	at org.springframework.web.filter.OncePerRequestFilter.doFilter(OncePerRequestFilter.java:116)
	at org.springframework.security.web.FilterChainProxy$VirtualFilterChain.doFilter(FilterChainProxy.java:374)
	at org.springframework.security.web.header.HeaderWriterFilter.doHeadersAfter(HeaderWriterFilter.java:90)
	at org.springframework.security.web.header.HeaderWriterFilter.doFilterInternal(HeaderWriterFilter.java:75)
	at org.springframework.web.filter.OncePerRequestFilter.doFilter(OncePerRequestFilter.java:116)
	at org.springframework.security.web.FilterChainProxy$VirtualFilterChain.doFilter(FilterChainProxy.java:374)
	at org.springframework.security.web.context.SecurityContextHolderFilter.doFilter(SecurityContextHolderFilter.java:82)
	at org.springframework.security.web.context.SecurityContextHolderFilter.doFilter(SecurityContextHolderFilter.java:69)
	at org.springframework.security.web.FilterChainProxy$VirtualFilterChain.doFilter(FilterChainProxy.java:374)
	at org.springframework.security.web.context.request.async.WebAsyncManagerIntegrationFilter.doFilterInternal(WebAsyncManagerIntegrationFilter.java:62)
	at org.springframework.web.filter.OncePerRequestFilter.doFilter(OncePerRequestFilter.java:116)
	at org.springframework.security.web.FilterChainProxy$VirtualFilterChain.doFilter(FilterChainProxy.java:374)
	at org.springframework.security.web.session.DisableEncodeUrlFilter.doFilterInternal(DisableEncodeUrlFilter.java:42)
	at org.springframework.web.filter.OncePerRequestFilter.doFilter(OncePerRequestFilter.java:116)
	at org.springframework.security.web.FilterChainProxy$VirtualFilterChain.doFilter(FilterChainProxy.java:374)
	at org.springframework.security.web.FilterChainProxy.doFilterInternal(FilterChainProxy.java:233)
	at org.springframework.security.web.FilterChainProxy.doFilter(FilterChainProxy.java:191)
	at org.springframework.web.filter.DelegatingFilterProxy.invokeDelegate(DelegatingFilterProxy.java:352)
	at org.springframework.web.filter.DelegatingFilterProxy.doFilter(DelegatingFilterProxy.java:268)
	at org.apache.catalina.core.ApplicationFilterChain.internalDoFilter(ApplicationFilterChain.java:174)
	at org.apache.catalina.core.ApplicationFilterChain.doFilter(ApplicationFilterChain.java:149)
	at org.springframework.web.filter.RequestContextFilter.doFilterInternal(RequestContextFilter.java:100)
	at org.springframework.web.filter.OncePerRequestFilter.doFilter(OncePerRequestFilter.java:116)
	at org.apache.catalina.core.ApplicationFilterChain.internalDoFilter(ApplicationFilterChain.java:174)
	at org.apache.catalina.core.ApplicationFilterChain.doFilter(ApplicationFilterChain.java:149)
	at org.springframework.web.filter.FormContentFilter.doFilterInternal(FormContentFilter.java:93)
	at org.springframework.web.filter.OncePerRequestFilter.doFilter(OncePerRequestFilter.java:116)
	at org.apache.catalina.core.ApplicationFilterChain.internalDoFilter(ApplicationFilterChain.java:174)
	at org.apache.catalina.core.ApplicationFilterChain.doFilter(ApplicationFilterChain.java:149)
	at org.springframework.web.filter.CharacterEncodingFilter.doFilterInternal(CharacterEncodingFilter.java:201)
	at org.springframework.web.filter.OncePerRequestFilter.doFilter(OncePerRequestFilter.java:116)
	at org.apache.catalina.core.ApplicationFilterChain.internalDoFilter(ApplicationFilterChain.java:174)
	at org.apache.catalina.core.ApplicationFilterChain.doFilter(ApplicationFilterChain.java:149)
	at org.apache.catalina.core.StandardWrapperValve.invoke(StandardWrapperValve.java:166)
	at org.apache.catalina.core.StandardContextValve.invoke(StandardContextValve.java:90)
	at org.apache.catalina.authenticator.AuthenticatorBase.invoke(AuthenticatorBase.java:482)
	at org.apache.catalina.core.StandardHostValve.invoke(StandardHostValve.java:115)
	at org.apache.catalina.valves.ErrorReportValve.invoke(ErrorReportValve.java:93)
	at org.apache.catalina.core.StandardEngineValve.invoke(StandardEngineValve.java:74)
	at org.apache.catalina.connector.CoyoteAdapter.service(CoyoteAdapter.java:341)
	at org.apache.coyote.http11.Http11Processor.service(Http11Processor.java:391)
	at org.apache.coyote.AbstractProcessorLight.process(AbstractProcessorLight.java:63)
	at org.apache.coyote.AbstractProtocol$ConnectionHandler.process(AbstractProtocol.java:894)
	at org.apache.tomcat.util.net.NioEndpoint$SocketProcessor.doRun(NioEndpoint.java:1741)
	at org.apache.tomcat.util.net.SocketProcessorBase.run(SocketProcessorBase.java:52)
	at org.apache.tomcat.util.threads.ThreadPoolExecutor.runWorker(ThreadPoolExecutor.java:1191)
	at org.apache.tomcat.util.threads.ThreadPoolExecutor$Worker.run(ThreadPoolExecutor.java:659)
	at org.apache.tomcat.util.threads.TaskThread$WrappingRunnable.run(TaskThread.java:61)
	at java.base/java.lang.Thread.run(Thread.java:840)
2026-05-14 00:03:03 [http-nio-8080-exec-4] ERROR o.a.c.c.C.[.[.[.[dispatcherServlet] - Servlet.service() for servlet [dispatcherServlet] in context with path [] threw exception
io.jsonwebtoken.ExpiredJwtException: JWT expired at 2026-05-14T00:02:36Z. Current time: 2026-05-14T00:03:03Z, a difference of 27895 milliseconds.  Allowed clock skew: 0 milliseconds.
	at io.jsonwebtoken.impl.DefaultJwtParser.parse(DefaultJwtParser.java:427)
	at io.jsonwebtoken.impl.DefaultJwtParser.parse(DefaultJwtParser.java:529)
	at io.jsonwebtoken.impl.DefaultJwtParser.parseClaimsJws(DefaultJwtParser.java:589)
	at io.jsonwebtoken.impl.ImmutableJwtParser.parseClaimsJws(ImmutableJwtParser.java:173)
	at com.example.demo.security.JwtUtil.extractAllClaims(JwtUtil.java:62)
	at com.example.demo.security.JwtUtil.extractClaim(JwtUtil.java:54)
	at com.example.demo.security.JwtUtil.extractUsername(JwtUtil.java:37)
	at com.example.demo.security.JwtRequestFilter.doFilterInternal(JwtRequestFilter.java:52)
	at org.springframework.web.filter.OncePerRequestFilter.doFilter(OncePerRequestFilter.java:116)
	at org.springframework.security.web.FilterChainProxy$VirtualFilterChain.doFilter(FilterChainProxy.java:374)
	at org.springframework.security.web.authentication.AbstractAuthenticationProcessingFilter.doFilter(AbstractAuthenticationProcessingFilter.java:227)
	at org.springframework.security.web.authentication.AbstractAuthenticationProcessingFilter.doFilter(AbstractAuthenticationProcessingFilter.java:221)
	at org.springframework.security.web.FilterChainProxy$VirtualFilterChain.doFilter(FilterChainProxy.java:374)
	at org.springframework.security.web.authentication.logout.LogoutFilter.doFilter(LogoutFilter.java:107)
	at org.springframework.security.web.authentication.logout.LogoutFilter.doFilter(LogoutFilter.java:93)
	at org.springframework.security.web.FilterChainProxy$VirtualFilterChain.doFilter(FilterChainProxy.java:374)
	at org.springframework.web.filter.CorsFilter.doFilterInternal(CorsFilter.java:91)
	at org.springframework.web.filter.OncePerRequestFilter.doFilter(OncePerRequestFilter.java:116)
	at org.springframework.security.web.FilterChainProxy$VirtualFilterChain.doFilter(FilterChainProxy.java:374)
	at org.springframework.security.web.header.HeaderWriterFilter.doHeadersAfter(HeaderWriterFilter.java:90)
	at org.springframework.security.web.header.HeaderWriterFilter.doFilterInternal(HeaderWriterFilter.java:75)
	at org.springframework.web.filter.OncePerRequestFilter.doFilter(OncePerRequestFilter.java:116)
	at org.springframework.security.web.FilterChainProxy$VirtualFilterChain.doFilter(FilterChainProxy.java:374)
	at org.springframework.security.web.context.SecurityContextHolderFilter.doFilter(SecurityContextHolderFilter.java:82)
	at org.springframework.security.web.context.SecurityContextHolderFilter.doFilter(SecurityContextHolderFilter.java:69)
	at org.springframework.security.web.FilterChainProxy$VirtualFilterChain.doFilter(FilterChainProxy.java:374)
	at org.springframework.security.web.context.request.async.WebAsyncManagerIntegrationFilter.doFilterInternal(WebAsyncManagerIntegrationFilter.java:62)
	at org.springframework.web.filter.OncePerRequestFilter.doFilter(OncePerRequestFilter.java:116)
	at org.springframework.security.web.FilterChainProxy$VirtualFilterChain.doFilter(FilterChainProxy.java:374)
	at org.springframework.security.web.session.DisableEncodeUrlFilter.doFilterInternal(DisableEncodeUrlFilter.java:42)
	at org.springframework.web.filter.OncePerRequestFilter.doFilter(OncePerRequestFilter.java:116)
	at org.springframework.security.web.FilterChainProxy$VirtualFilterChain.doFilter(FilterChainProxy.java:374)
	at org.springframework.security.web.FilterChainProxy.doFilterInternal(FilterChainProxy.java:233)
	at org.springframework.security.web.FilterChainProxy.doFilter(FilterChainProxy.java:191)
	at org.springframework.web.filter.DelegatingFilterProxy.invokeDelegate(DelegatingFilterProxy.java:352)
	at org.springframework.web.filter.DelegatingFilterProxy.doFilter(DelegatingFilterProxy.java:268)
	at org.apache.catalina.core.ApplicationFilterChain.internalDoFilter(ApplicationFilterChain.java:174)
	at org.apache.catalina.core.ApplicationFilterChain.doFilter(ApplicationFilterChain.java:149)
	at org.springframework.web.filter.RequestContextFilter.doFilterInternal(RequestContextFilter.java:100)
	at org.springframework.web.filter.OncePerRequestFilter.doFilter(OncePerRequestFilter.java:116)
	at org.apache.catalina.core.ApplicationFilterChain.internalDoFilter(ApplicationFilterChain.java:174)
	at org.apache.catalina.core.ApplicationFilterChain.doFilter(ApplicationFilterChain.java:149)
	at org.springframework.web.filter.FormContentFilter.doFilterInternal(FormContentFilter.java:93)
	at org.springframework.web.filter.OncePerRequestFilter.doFilter(OncePerRequestFilter.java:116)
	at org.apache.catalina.core.ApplicationFilterChain.internalDoFilter(ApplicationFilterChain.java:174)
	at org.apache.catalina.core.ApplicationFilterChain.doFilter(ApplicationFilterChain.java:149)
	at org.springframework.web.filter.CharacterEncodingFilter.doFilterInternal(CharacterEncodingFilter.java:201)
	at org.springframework.web.filter.OncePerRequestFilter.doFilter(OncePerRequestFilter.java:116)
	at org.apache.catalina.core.ApplicationFilterChain.internalDoFilter(ApplicationFilterChain.java:174)
	at org.apache.catalina.core.ApplicationFilterChain.doFilter(ApplicationFilterChain.java:149)
	at org.apache.catalina.core.StandardWrapperValve.invoke(StandardWrapperValve.java:166)
	at org.apache.catalina.core.StandardContextValve.invoke(StandardContextValve.java:90)
	at org.apache.catalina.authenticator.AuthenticatorBase.invoke(AuthenticatorBase.java:482)
	at org.apache.catalina.core.StandardHostValve.invoke(StandardHostValve.java:115)
	at org.apache.catalina.valves.ErrorReportValve.invoke(ErrorReportValve.java:93)
	at org.apache.catalina.core.StandardEngineValve.invoke(StandardEngineValve.java:74)
	at org.apache.catalina.connector.CoyoteAdapter.service(CoyoteAdapter.java:341)
	at org.apache.coyote.http11.Http11Processor.service(Http11Processor.java:391)
	at org.apache.coyote.AbstractProcessorLight.process(AbstractProcessorLight.java:63)
	at org.apache.coyote.AbstractProtocol$ConnectionHandler.process(AbstractProtocol.java:894)
	at org.apache.tomcat.util.net.NioEndpoint$SocketProcessor.doRun(NioEndpoint.java:1741)
	at org.apache.tomcat.util.net.SocketProcessorBase.run(SocketProcessorBase.java:52)
	at org.apache.tomcat.util.threads.ThreadPoolExecutor.runWorker(ThreadPoolExecutor.java:1191)
	at org.apache.tomcat.util.threads.ThreadPoolExecutor$Worker.run(ThreadPoolExecutor.java:659)
	at org.apache.tomcat.util.threads.TaskThread$WrappingRunnable.run(TaskThread.java:61)
	at java.base/java.lang.Thread.run(Thread.java:840)
2026-05-14 00:03:04 [http-nio-8080-exec-3] ERROR o.a.c.c.C.[.[.[.[dispatcherServlet] - Servlet.service() for servlet [dispatcherServlet] in context with path [] threw exception
io.jsonwebtoken.ExpiredJwtException: JWT expired at 2026-05-14T00:02:36Z. Current time: 2026-05-14T00:03:04Z, a difference of 28090 milliseconds.  Allowed clock skew: 0 milliseconds.
	at io.jsonwebtoken.impl.DefaultJwtParser.parse(DefaultJwtParser.java:427)
	at io.jsonwebtoken.impl.DefaultJwtParser.parse(DefaultJwtParser.java:529)
	at io.jsonwebtoken.impl.DefaultJwtParser.parseClaimsJws(DefaultJwtParser.java:589)
	at io.jsonwebtoken.impl.ImmutableJwtParser.parseClaimsJws(ImmutableJwtParser.java:173)
	at com.example.demo.security.JwtUtil.extractAllClaims(JwtUtil.java:62)
	at com.example.demo.security.JwtUtil.extractClaim(JwtUtil.java:54)
	at com.example.demo.security.JwtUtil.extractUsername(JwtUtil.java:37)
	at com.example.demo.security.JwtRequestFilter.doFilterInternal(JwtRequestFilter.java:52)
	at org.springframework.web.filter.OncePerRequestFilter.doFilter(OncePerRequestFilter.java:116)
	at org.springframework.security.web.FilterChainProxy$VirtualFilterChain.doFilter(FilterChainProxy.java:374)
	at org.springframework.security.web.authentication.AbstractAuthenticationProcessingFilter.doFilter(AbstractAuthenticationProcessingFilter.java:227)
	at org.springframework.security.web.authentication.AbstractAuthenticationProcessingFilter.doFilter(AbstractAuthenticationProcessingFilter.java:221)
	at org.springframework.security.web.FilterChainProxy$VirtualFilterChain.doFilter(FilterChainProxy.java:374)
	at org.springframework.security.web.authentication.logout.LogoutFilter.doFilter(LogoutFilter.java:107)
	at org.springframework.security.web.authentication.logout.LogoutFilter.doFilter(LogoutFilter.java:93)
	at org.springframework.security.web.FilterChainProxy$VirtualFilterChain.doFilter(FilterChainProxy.java:374)
	at org.springframework.web.filter.CorsFilter.doFilterInternal(CorsFilter.java:91)
	at org.springframework.web.filter.OncePerRequestFilter.doFilter(OncePerRequestFilter.java:116)
	at org.springframework.security.web.FilterChainProxy$VirtualFilterChain.doFilter(FilterChainProxy.java:374)
	at org.springframework.security.web.header.HeaderWriterFilter.doHeadersAfter(HeaderWriterFilter.java:90)
	at org.springframework.security.web.header.HeaderWriterFilter.doFilterInternal(HeaderWriterFilter.java:75)
	at org.springframework.web.filter.OncePerRequestFilter.doFilter(OncePerRequestFilter.java:116)
	at org.springframework.security.web.FilterChainProxy$VirtualFilterChain.doFilter(FilterChainProxy.java:374)
	at org.springframework.security.web.context.SecurityContextHolderFilter.doFilter(SecurityContextHolderFilter.java:82)
	at org.springframework.security.web.context.SecurityContextHolderFilter.doFilter(SecurityContextHolderFilter.java:69)
	at org.springframework.security.web.FilterChainProxy$VirtualFilterChain.doFilter(FilterChainProxy.java:374)
	at org.springframework.security.web.context.request.async.WebAsyncManagerIntegrationFilter.doFilterInternal(WebAsyncManagerIntegrationFilter.java:62)
	at org.springframework.web.filter.OncePerRequestFilter.doFilter(OncePerRequestFilter.java:116)
	at org.springframework.security.web.FilterChainProxy$VirtualFilterChain.doFilter(FilterChainProxy.java:374)
	at org.springframework.security.web.session.DisableEncodeUrlFilter.doFilterInternal(DisableEncodeUrlFilter.java:42)
	at org.springframework.web.filter.OncePerRequestFilter.doFilter(OncePerRequestFilter.java:116)
	at org.springframework.security.web.FilterChainProxy$VirtualFilterChain.doFilter(FilterChainProxy.java:374)
	at org.springframework.security.web.FilterChainProxy.doFilterInternal(FilterChainProxy.java:233)
	at org.springframework.security.web.FilterChainProxy.doFilter(FilterChainProxy.java:191)
	at org.springframework.web.filter.DelegatingFilterProxy.invokeDelegate(DelegatingFilterProxy.java:352)
	at org.springframework.web.filter.DelegatingFilterProxy.doFilter(DelegatingFilterProxy.java:268)
	at org.apache.catalina.core.ApplicationFilterChain.internalDoFilter(ApplicationFilterChain.java:174)
	at org.apache.catalina.core.ApplicationFilterChain.doFilter(ApplicationFilterChain.java:149)
	at org.springframework.web.filter.RequestContextFilter.doFilterInternal(RequestContextFilter.java:100)
	at org.springframework.web.filter.OncePerRequestFilter.doFilter(OncePerRequestFilter.java:116)
	at org.apache.catalina.core.ApplicationFilterChain.internalDoFilter(ApplicationFilterChain.java:174)
	at org.apache.catalina.core.ApplicationFilterChain.doFilter(ApplicationFilterChain.java:149)
	at org.springframework.web.filter.FormContentFilter.doFilterInternal(FormContentFilter.java:93)
	at org.springframework.web.filter.OncePerRequestFilter.doFilter(OncePerRequestFilter.java:116)
	at org.apache.catalina.core.ApplicationFilterChain.internalDoFilter(ApplicationFilterChain.java:174)
	at org.apache.catalina.core.ApplicationFilterChain.doFilter(ApplicationFilterChain.java:149)
	at org.springframework.web.filter.CharacterEncodingFilter.doFilterInternal(CharacterEncodingFilter.java:201)
	at org.springframework.web.filter.OncePerRequestFilter.doFilter(OncePerRequestFilter.java:116)
	at org.apache.catalina.core.ApplicationFilterChain.internalDoFilter(ApplicationFilterChain.java:174)
	at org.apache.catalina.core.ApplicationFilterChain.doFilter(ApplicationFilterChain.java:149)
	at org.apache.catalina.core.StandardWrapperValve.invoke(StandardWrapperValve.java:166)
	at org.apache.catalina.core.StandardContextValve.invoke(StandardContextValve.java:90)
	at org.apache.catalina.authenticator.AuthenticatorBase.invoke(AuthenticatorBase.java:482)
	at org.apache.catalina.core.StandardHostValve.invoke(StandardHostValve.java:115)
	at org.apache.catalina.valves.ErrorReportValve.invoke(ErrorReportValve.java:93)
	at org.apache.catalina.core.StandardEngineValve.invoke(StandardEngineValve.java:74)
	at org.apache.catalina.connector.CoyoteAdapter.service(CoyoteAdapter.java:341)
	at org.apache.coyote.http11.Http11Processor.service(Http11Processor.java:391)
	at org.apache.coyote.AbstractProcessorLight.process(AbstractProcessorLight.java:63)
	at org.apache.coyote.AbstractProtocol$ConnectionHandler.process(AbstractProtocol.java:894)
	at org.apache.tomcat.util.net.NioEndpoint$SocketProcessor.doRun(NioEndpoint.java:1741)
	at org.apache.tomcat.util.net.SocketProcessorBase.run(SocketProcessorBase.java:52)
	at org.apache.tomcat.util.threads.ThreadPoolExecutor.runWorker(ThreadPoolExecutor.java:1191)
	at org.apache.tomcat.util.threads.ThreadPoolExecutor$Worker.run(ThreadPoolExecutor.java:659)
	at org.apache.tomcat.util.threads.TaskThread$WrappingRunnable.run(TaskThread.java:61)
	at java.base/java.lang.Thread.run(Thread.java:840)
2026-05-14 00:03:04 [http-nio-8080-exec-5] ERROR o.a.c.c.C.[.[.[.[dispatcherServlet] - Servlet.service() for servlet [dispatcherServlet] in context with path [] threw exception
io.jsonwebtoken.ExpiredJwtException: JWT expired at 2026-05-14T00:02:36Z. Current time: 2026-05-14T00:03:04Z, a difference of 28252 milliseconds.  Allowed clock skew: 0 milliseconds.
	at io.jsonwebtoken.impl.DefaultJwtParser.parse(DefaultJwtParser.java:427)
	at io.jsonwebtoken.impl.DefaultJwtParser.parse(DefaultJwtParser.java:529)
	at io.jsonwebtoken.impl.DefaultJwtParser.parseClaimsJws(DefaultJwtParser.java:589)
	at io.jsonwebtoken.impl.ImmutableJwtParser.parseClaimsJws(ImmutableJwtParser.java:173)
	at com.example.demo.security.JwtUtil.extractAllClaims(JwtUtil.java:62)
	at com.example.demo.security.JwtUtil.extractClaim(JwtUtil.java:54)
	at com.example.demo.security.JwtUtil.extractUsername(JwtUtil.java:37)
	at com.example.demo.security.JwtRequestFilter.doFilterInternal(JwtRequestFilter.java:52)
	at org.springframework.web.filter.OncePerRequestFilter.doFilter(OncePerRequestFilter.java:116)
	at org.springframework.security.web.FilterChainProxy$VirtualFilterChain.doFilter(FilterChainProxy.java:374)
	at org.springframework.security.web.authentication.AbstractAuthenticationProcessingFilter.doFilter(AbstractAuthenticationProcessingFilter.java:227)
	at org.springframework.security.web.authentication.AbstractAuthenticationProcessingFilter.doFilter(AbstractAuthenticationProcessingFilter.java:221)
	at org.springframework.security.web.FilterChainProxy$VirtualFilterChain.doFilter(FilterChainProxy.java:374)
	at org.springframework.security.web.authentication.logout.LogoutFilter.doFilter(LogoutFilter.java:107)
	at org.springframework.security.web.authentication.logout.LogoutFilter.doFilter(LogoutFilter.java:93)
	at org.springframework.security.web.FilterChainProxy$VirtualFilterChain.doFilter(FilterChainProxy.java:374)
	at org.springframework.web.filter.CorsFilter.doFilterInternal(CorsFilter.java:91)
	at org.springframework.web.filter.OncePerRequestFilter.doFilter(OncePerRequestFilter.java:116)
	at org.springframework.security.web.FilterChainProxy$VirtualFilterChain.doFilter(FilterChainProxy.java:374)
	at org.springframework.security.web.header.HeaderWriterFilter.doHeadersAfter(HeaderWriterFilter.java:90)
	at org.springframework.security.web.header.HeaderWriterFilter.doFilterInternal(HeaderWriterFilter.java:75)
	at org.springframework.web.filter.OncePerRequestFilter.doFilter(OncePerRequestFilter.java:116)
	at org.springframework.security.web.FilterChainProxy$VirtualFilterChain.doFilter(FilterChainProxy.java:374)
	at org.springframework.security.web.context.SecurityContextHolderFilter.doFilter(SecurityContextHolderFilter.java:82)
	at org.springframework.security.web.context.SecurityContextHolderFilter.doFilter(SecurityContextHolderFilter.java:69)
	at org.springframework.security.web.FilterChainProxy$VirtualFilterChain.doFilter(FilterChainProxy.java:374)
	at org.springframework.security.web.context.request.async.WebAsyncManagerIntegrationFilter.doFilterInternal(WebAsyncManagerIntegrationFilter.java:62)
	at org.springframework.web.filter.OncePerRequestFilter.doFilter(OncePerRequestFilter.java:116)
	at org.springframework.security.web.FilterChainProxy$VirtualFilterChain.doFilter(FilterChainProxy.java:374)
	at org.springframework.security.web.session.DisableEncodeUrlFilter.doFilterInternal(DisableEncodeUrlFilter.java:42)
	at org.springframework.web.filter.OncePerRequestFilter.doFilter(OncePerRequestFilter.java:116)
	at org.springframework.security.web.FilterChainProxy$VirtualFilterChain.doFilter(FilterChainProxy.java:374)
	at org.springframework.security.web.FilterChainProxy.doFilterInternal(FilterChainProxy.java:233)
	at org.springframework.security.web.FilterChainProxy.doFilter(FilterChainProxy.java:191)
	at org.springframework.web.filter.DelegatingFilterProxy.invokeDelegate(DelegatingFilterProxy.java:352)
	at org.springframework.web.filter.DelegatingFilterProxy.doFilter(DelegatingFilterProxy.java:268)
	at org.apache.catalina.core.ApplicationFilterChain.internalDoFilter(ApplicationFilterChain.java:174)
	at org.apache.catalina.core.ApplicationFilterChain.doFilter(ApplicationFilterChain.java:149)
	at org.springframework.web.filter.RequestContextFilter.doFilterInternal(RequestContextFilter.java:100)
	at org.springframework.web.filter.OncePerRequestFilter.doFilter(OncePerRequestFilter.java:116)
	at org.apache.catalina.core.ApplicationFilterChain.internalDoFilter(ApplicationFilterChain.java:174)
	at org.apache.catalina.core.ApplicationFilterChain.doFilter(ApplicationFilterChain.java:149)
	at org.springframework.web.filter.FormContentFilter.doFilterInternal(FormContentFilter.java:93)
	at org.springframework.web.filter.OncePerRequestFilter.doFilter(OncePerRequestFilter.java:116)
	at org.apache.catalina.core.ApplicationFilterChain.internalDoFilter(ApplicationFilterChain.java:174)
	at org.apache.catalina.core.ApplicationFilterChain.doFilter(ApplicationFilterChain.java:149)
	at org.springframework.web.filter.CharacterEncodingFilter.doFilterInternal(CharacterEncodingFilter.java:201)
	at org.springframework.web.filter.OncePerRequestFilter.doFilter(OncePerRequestFilter.java:116)
	at org.apache.catalina.core.ApplicationFilterChain.internalDoFilter(ApplicationFilterChain.java:174)
	at org.apache.catalina.core.ApplicationFilterChain.doFilter(ApplicationFilterChain.java:149)
	at org.apache.catalina.core.StandardWrapperValve.invoke(StandardWrapperValve.java:166)
	at org.apache.catalina.core.StandardContextValve.invoke(StandardContextValve.java:90)
	at org.apache.catalina.authenticator.AuthenticatorBase.invoke(AuthenticatorBase.java:482)
	at org.apache.catalina.core.StandardHostValve.invoke(StandardHostValve.java:115)
	at org.apache.catalina.valves.ErrorReportValve.invoke(ErrorReportValve.java:93)
	at org.apache.catalina.core.StandardEngineValve.invoke(StandardEngineValve.java:74)
	at org.apache.catalina.connector.CoyoteAdapter.service(CoyoteAdapter.java:341)
	at org.apache.coyote.http11.Http11Processor.service(Http11Processor.java:391)
	at org.apache.coyote.AbstractProcessorLight.process(AbstractProcessorLight.java:63)
	at org.apache.coyote.AbstractProtocol$ConnectionHandler.process(AbstractProtocol.java:894)
	at org.apache.tomcat.util.net.NioEndpoint$SocketProcessor.doRun(NioEndpoint.java:1741)
	at org.apache.tomcat.util.net.SocketProcessorBase.run(SocketProcessorBase.java:52)
	at org.apache.tomcat.util.threads.ThreadPoolExecutor.runWorker(ThreadPoolExecutor.java:1191)
	at org.apache.tomcat.util.threads.ThreadPoolExecutor$Worker.run(ThreadPoolExecutor.java:659)
	at org.apache.tomcat.util.threads.TaskThread$WrappingRunnable.run(TaskThread.java:61)
	at java.base/java.lang.Thread.run(Thread.java:840)
2026-05-14 00:03:04 [http-nio-8080-exec-6] ERROR o.a.c.c.C.[.[.[.[dispatcherServlet] - Servlet.service() for servlet [dispatcherServlet] in context with path [] threw exception
io.jsonwebtoken.ExpiredJwtException: JWT expired at 2026-05-14T00:02:36Z. Current time: 2026-05-14T00:03:04Z, a difference of 28759 milliseconds.  Allowed clock skew: 0 milliseconds.
	at io.jsonwebtoken.impl.DefaultJwtParser.parse(DefaultJwtParser.java:427)
	at io.jsonwebtoken.impl.DefaultJwtParser.parse(DefaultJwtParser.java:529)
	at io.jsonwebtoken.impl.DefaultJwtParser.parseClaimsJws(DefaultJwtParser.java:589)
	at io.jsonwebtoken.impl.ImmutableJwtParser.parseClaimsJws(ImmutableJwtParser.java:173)
	at com.example.demo.security.JwtUtil.extractAllClaims(JwtUtil.java:62)
	at com.example.demo.security.JwtUtil.extractClaim(JwtUtil.java:54)
	at com.example.demo.security.JwtUtil.extractUsername(JwtUtil.java:37)
	at com.example.demo.security.JwtRequestFilter.doFilterInternal(JwtRequestFilter.java:52)
	at org.springframework.web.filter.OncePerRequestFilter.doFilter(OncePerRequestFilter.java:116)
	at org.springframework.security.web.FilterChainProxy$VirtualFilterChain.doFilter(FilterChainProxy.java:374)
	at org.springframework.security.web.authentication.AbstractAuthenticationProcessingFilter.doFilter(AbstractAuthenticationProcessingFilter.java:227)
	at org.springframework.security.web.authentication.AbstractAuthenticationProcessingFilter.doFilter(AbstractAuthenticationProcessingFilter.java:221)
	at org.springframework.security.web.FilterChainProxy$VirtualFilterChain.doFilter(FilterChainProxy.java:374)
	at org.springframework.security.web.authentication.logout.LogoutFilter.doFilter(LogoutFilter.java:107)
	at org.springframework.security.web.authentication.logout.LogoutFilter.doFilter(LogoutFilter.java:93)
	at org.springframework.security.web.FilterChainProxy$VirtualFilterChain.doFilter(FilterChainProxy.java:374)
	at org.springframework.web.filter.CorsFilter.doFilterInternal(CorsFilter.java:91)
	at org.springframework.web.filter.OncePerRequestFilter.doFilter(OncePerRequestFilter.java:116)
	at org.springframework.security.web.FilterChainProxy$VirtualFilterChain.doFilter(FilterChainProxy.java:374)
	at org.springframework.security.web.header.HeaderWriterFilter.doHeadersAfter(HeaderWriterFilter.java:90)
	at org.springframework.security.web.header.HeaderWriterFilter.doFilterInternal(HeaderWriterFilter.java:75)
	at org.springframework.web.filter.OncePerRequestFilter.doFilter(OncePerRequestFilter.java:116)
	at org.springframework.security.web.FilterChainProxy$VirtualFilterChain.doFilter(FilterChainProxy.java:374)
	at org.springframework.security.web.context.SecurityContextHolderFilter.doFilter(SecurityContextHolderFilter.java:82)
	at org.springframework.security.web.context.SecurityContextHolderFilter.doFilter(SecurityContextHolderFilter.java:69)
	at org.springframework.security.web.FilterChainProxy$VirtualFilterChain.doFilter(FilterChainProxy.java:374)
	at org.springframework.security.web.context.request.async.WebAsyncManagerIntegrationFilter.doFilterInternal(WebAsyncManagerIntegrationFilter.java:62)
	at org.springframework.web.filter.OncePerRequestFilter.doFilter(OncePerRequestFilter.java:116)
	at org.springframework.security.web.FilterChainProxy$VirtualFilterChain.doFilter(FilterChainProxy.java:374)
	at org.springframework.security.web.session.DisableEncodeUrlFilter.doFilterInternal(DisableEncodeUrlFilter.java:42)
	at org.springframework.web.filter.OncePerRequestFilter.doFilter(OncePerRequestFilter.java:116)
	at org.springframework.security.web.FilterChainProxy$VirtualFilterChain.doFilter(FilterChainProxy.java:374)
	at org.springframework.security.web.FilterChainProxy.doFilterInternal(FilterChainProxy.java:233)
	at org.springframework.security.web.FilterChainProxy.doFilter(FilterChainProxy.java:191)
	at org.springframework.web.filter.DelegatingFilterProxy.invokeDelegate(DelegatingFilterProxy.java:352)
	at org.springframework.web.filter.DelegatingFilterProxy.doFilter(DelegatingFilterProxy.java:268)
	at org.apache.catalina.core.ApplicationFilterChain.internalDoFilter(ApplicationFilterChain.java:174)
	at org.apache.catalina.core.ApplicationFilterChain.doFilter(ApplicationFilterChain.java:149)
	at org.springframework.web.filter.RequestContextFilter.doFilterInternal(RequestContextFilter.java:100)
	at org.springframework.web.filter.OncePerRequestFilter.doFilter(OncePerRequestFilter.java:116)
	at org.apache.catalina.core.ApplicationFilterChain.internalDoFilter(ApplicationFilterChain.java:174)
	at org.apache.catalina.core.ApplicationFilterChain.doFilter(ApplicationFilterChain.java:149)
	at org.springframework.web.filter.FormContentFilter.doFilterInternal(FormContentFilter.java:93)
	at org.springframework.web.filter.OncePerRequestFilter.doFilter(OncePerRequestFilter.java:116)
	at org.apache.catalina.core.ApplicationFilterChain.internalDoFilter(ApplicationFilterChain.java:174)
	at org.apache.catalina.core.ApplicationFilterChain.doFilter(ApplicationFilterChain.java:149)
	at org.springframework.web.filter.CharacterEncodingFilter.doFilterInternal(CharacterEncodingFilter.java:201)
	at org.springframework.web.filter.OncePerRequestFilter.doFilter(OncePerRequestFilter.java:116)
	at org.apache.catalina.core.ApplicationFilterChain.internalDoFilter(ApplicationFilterChain.java:174)
	at org.apache.catalina.core.ApplicationFilterChain.doFilter(ApplicationFilterChain.java:149)
	at org.apache.catalina.core.StandardWrapperValve.invoke(StandardWrapperValve.java:166)
	at org.apache.catalina.core.StandardContextValve.invoke(StandardContextValve.java:90)
	at org.apache.catalina.authenticator.AuthenticatorBase.invoke(AuthenticatorBase.java:482)
	at org.apache.catalina.core.StandardHostValve.invoke(StandardHostValve.java:115)
	at org.apache.catalina.valves.ErrorReportValve.invoke(ErrorReportValve.java:93)
	at org.apache.catalina.core.StandardEngineValve.invoke(StandardEngineValve.java:74)
	at org.apache.catalina.connector.CoyoteAdapter.service(CoyoteAdapter.java:341)
	at org.apache.coyote.http11.Http11Processor.service(Http11Processor.java:391)
	at org.apache.coyote.AbstractProcessorLight.process(AbstractProcessorLight.java:63)
	at org.apache.coyote.AbstractProtocol$ConnectionHandler.process(AbstractProtocol.java:894)
	at org.apache.tomcat.util.net.NioEndpoint$SocketProcessor.doRun(NioEndpoint.java:1741)
	at org.apache.tomcat.util.net.SocketProcessorBase.run(SocketProcessorBase.java:52)
	at org.apache.tomcat.util.threads.ThreadPoolExecutor.runWorker(ThreadPoolExecutor.java:1191)
	at org.apache.tomcat.util.threads.ThreadPoolExecutor$Worker.run(ThreadPoolExecutor.java:659)
	at org.apache.tomcat.util.threads.TaskThread$WrappingRunnable.run(TaskThread.java:61)
	at java.base/java.lang.Thread.run(Thread.java:840)
2026-05-14 00:03:04 [http-nio-8080-exec-7] ERROR o.a.c.c.C.[.[.[.[dispatcherServlet] - Servlet.service() for servlet [dispatcherServlet] in context with path [] threw exception
io.jsonwebtoken.ExpiredJwtException: JWT expired at 2026-05-14T00:02:36Z. Current time: 2026-05-14T00:03:04Z, a difference of 28924 milliseconds.  Allowed clock skew: 0 milliseconds.
	at io.jsonwebtoken.impl.DefaultJwtParser.parse(DefaultJwtParser.java:427)
	at io.jsonwebtoken.impl.DefaultJwtParser.parse(DefaultJwtParser.java:529)
	at io.jsonwebtoken.impl.DefaultJwtParser.parseClaimsJws(DefaultJwtParser.java:589)
	at io.jsonwebtoken.impl.ImmutableJwtParser.parseClaimsJws(ImmutableJwtParser.java:173)
	at com.example.demo.security.JwtUtil.extractAllClaims(JwtUtil.java:62)
	at com.example.demo.security.JwtUtil.extractClaim(JwtUtil.java:54)
	at com.example.demo.security.JwtUtil.extractUsername(JwtUtil.java:37)
	at com.example.demo.security.JwtRequestFilter.doFilterInternal(JwtRequestFilter.java:52)
	at org.springframework.web.filter.OncePerRequestFilter.doFilter(OncePerRequestFilter.java:116)
	at org.springframework.security.web.FilterChainProxy$VirtualFilterChain.doFilter(FilterChainProxy.java:374)
	at org.springframework.security.web.authentication.AbstractAuthenticationProcessingFilter.doFilter(AbstractAuthenticationProcessingFilter.java:227)
	at org.springframework.security.web.authentication.AbstractAuthenticationProcessingFilter.doFilter(AbstractAuthenticationProcessingFilter.java:221)
	at org.springframework.security.web.FilterChainProxy$VirtualFilterChain.doFilter(FilterChainProxy.java:374)
	at org.springframework.security.web.authentication.logout.LogoutFilter.doFilter(LogoutFilter.java:107)
	at org.springframework.security.web.authentication.logout.LogoutFilter.doFilter(LogoutFilter.java:93)
	at org.springframework.security.web.FilterChainProxy$VirtualFilterChain.doFilter(FilterChainProxy.java:374)
	at org.springframework.web.filter.CorsFilter.doFilterInternal(CorsFilter.java:91)
	at org.springframework.web.filter.OncePerRequestFilter.doFilter(OncePerRequestFilter.java:116)
	at org.springframework.security.web.FilterChainProxy$VirtualFilterChain.doFilter(FilterChainProxy.java:374)
	at org.springframework.security.web.header.HeaderWriterFilter.doHeadersAfter(HeaderWriterFilter.java:90)
	at org.springframework.security.web.header.HeaderWriterFilter.doFilterInternal(HeaderWriterFilter.java:75)
	at org.springframework.web.filter.OncePerRequestFilter.doFilter(OncePerRequestFilter.java:116)
	at org.springframework.security.web.FilterChainProxy$VirtualFilterChain.doFilter(FilterChainProxy.java:374)
	at org.springframework.security.web.context.SecurityContextHolderFilter.doFilter(SecurityContextHolderFilter.java:82)
	at org.springframework.security.web.context.SecurityContextHolderFilter.doFilter(SecurityContextHolderFilter.java:69)
	at org.springframework.security.web.FilterChainProxy$VirtualFilterChain.doFilter(FilterChainProxy.java:374)
	at org.springframework.security.web.context.request.async.WebAsyncManagerIntegrationFilter.doFilterInternal(WebAsyncManagerIntegrationFilter.java:62)
	at org.springframework.web.filter.OncePerRequestFilter.doFilter(OncePerRequestFilter.java:116)
	at org.springframework.security.web.FilterChainProxy$VirtualFilterChain.doFilter(FilterChainProxy.java:374)
	at org.springframework.security.web.session.DisableEncodeUrlFilter.doFilterInternal(DisableEncodeUrlFilter.java:42)
	at org.springframework.web.filter.OncePerRequestFilter.doFilter(OncePerRequestFilter.java:116)
	at org.springframework.security.web.FilterChainProxy$VirtualFilterChain.doFilter(FilterChainProxy.java:374)
	at org.springframework.security.web.FilterChainProxy.doFilterInternal(FilterChainProxy.java:233)
	at org.springframework.security.web.FilterChainProxy.doFilter(FilterChainProxy.java:191)
	at org.springframework.web.filter.DelegatingFilterProxy.invokeDelegate(DelegatingFilterProxy.java:352)
	at org.springframework.web.filter.DelegatingFilterProxy.doFilter(DelegatingFilterProxy.java:268)
	at org.apache.catalina.core.ApplicationFilterChain.internalDoFilter(ApplicationFilterChain.java:174)
	at org.apache.catalina.core.ApplicationFilterChain.doFilter(ApplicationFilterChain.java:149)
	at org.springframework.web.filter.RequestContextFilter.doFilterInternal(RequestContextFilter.java:100)
	at org.springframework.web.filter.OncePerRequestFilter.doFilter(OncePerRequestFilter.java:116)
	at org.apache.catalina.core.ApplicationFilterChain.internalDoFilter(ApplicationFilterChain.java:174)
	at org.apache.catalina.core.ApplicationFilterChain.doFilter(ApplicationFilterChain.java:149)
	at org.springframework.web.filter.FormContentFilter.doFilterInternal(FormContentFilter.java:93)
	at org.springframework.web.filter.OncePerRequestFilter.doFilter(OncePerRequestFilter.java:116)
	at org.apache.catalina.core.ApplicationFilterChain.internalDoFilter(ApplicationFilterChain.java:174)
	at org.apache.catalina.core.ApplicationFilterChain.doFilter(ApplicationFilterChain.java:149)
	at org.springframework.web.filter.CharacterEncodingFilter.doFilterInternal(CharacterEncodingFilter.java:201)
	at org.springframework.web.filter.OncePerRequestFilter.doFilter(OncePerRequestFilter.java:116)
	at org.apache.catalina.core.ApplicationFilterChain.internalDoFilter(ApplicationFilterChain.java:174)
	at org.apache.catalina.core.ApplicationFilterChain.doFilter(ApplicationFilterChain.java:149)
	at org.apache.catalina.core.StandardWrapperValve.invoke(StandardWrapperValve.java:166)
	at org.apache.catalina.core.StandardContextValve.invoke(StandardContextValve.java:90)
	at org.apache.catalina.authenticator.AuthenticatorBase.invoke(AuthenticatorBase.java:482)
	at org.apache.catalina.core.StandardHostValve.invoke(StandardHostValve.java:115)
	at org.apache.catalina.valves.ErrorReportValve.invoke(ErrorReportValve.java:93)
	at org.apache.catalina.core.StandardEngineValve.invoke(StandardEngineValve.java:74)
	at org.apache.catalina.connector.CoyoteAdapter.service(CoyoteAdapter.java:341)
	at org.apache.coyote.http11.Http11Processor.service(Http11Processor.java:391)
	at org.apache.coyote.AbstractProcessorLight.process(AbstractProcessorLight.java:63)
	at org.apache.coyote.AbstractProtocol$ConnectionHandler.process(AbstractProtocol.java:894)
	at org.apache.tomcat.util.net.NioEndpoint$SocketProcessor.doRun(NioEndpoint.java:1741)
	at org.apache.tomcat.util.net.SocketProcessorBase.run(SocketProcessorBase.java:52)
	at org.apache.tomcat.util.threads.ThreadPoolExecutor.runWorker(ThreadPoolExecutor.java:1191)
	at org.apache.tomcat.util.threads.ThreadPoolExecutor$Worker.run(ThreadPoolExecutor.java:659)
	at org.apache.tomcat.util.threads.TaskThread$WrappingRunnable.run(TaskThread.java:61)
	at java.base/java.lang.Thread.run(Thread.java:840)
2026-05-14 00:18:57 [http-nio-8080-exec-10] ERROR o.a.c.c.C.[.[.[.[dispatcherServlet] - Servlet.service() for servlet [dispatcherServlet] in context with path [] threw exception
io.jsonwebtoken.ExpiredJwtException: JWT expired at 2026-05-14T00:02:36Z. Current time: 2026-05-14T00:18:57Z, a difference of 981099 milliseconds.  Allowed clock skew: 0 milliseconds.
	at io.jsonwebtoken.impl.DefaultJwtParser.parse(DefaultJwtParser.java:427)
	at io.jsonwebtoken.impl.DefaultJwtParser.parse(DefaultJwtParser.java:529)
	at io.jsonwebtoken.impl.DefaultJwtParser.parseClaimsJws(DefaultJwtParser.java:589)
	at io.jsonwebtoken.impl.ImmutableJwtParser.parseClaimsJws(ImmutableJwtParser.java:173)
	at com.example.demo.security.JwtUtil.extractAllClaims(JwtUtil.java:62)
	at com.example.demo.security.JwtUtil.extractClaim(JwtUtil.java:54)
	at com.example.demo.security.JwtUtil.extractUsername(JwtUtil.java:37)
	at com.example.demo.security.JwtRequestFilter.doFilterInternal(JwtRequestFilter.java:52)
	at org.springframework.web.filter.OncePerRequestFilter.doFilter(OncePerRequestFilter.java:116)
	at org.springframework.security.web.FilterChainProxy$VirtualFilterChain.doFilter(FilterChainProxy.java:374)
	at org.springframework.security.web.authentication.AbstractAuthenticationProcessingFilter.doFilter(AbstractAuthenticationProcessingFilter.java:227)
	at org.springframework.security.web.authentication.AbstractAuthenticationProcessingFilter.doFilter(AbstractAuthenticationProcessingFilter.java:221)
	at org.springframework.security.web.FilterChainProxy$VirtualFilterChain.doFilter(FilterChainProxy.java:374)
	at org.springframework.security.web.authentication.logout.LogoutFilter.doFilter(LogoutFilter.java:107)
	at org.springframework.security.web.authentication.logout.LogoutFilter.doFilter(LogoutFilter.java:93)
	at org.springframework.security.web.FilterChainProxy$VirtualFilterChain.doFilter(FilterChainProxy.java:374)
	at org.springframework.web.filter.CorsFilter.doFilterInternal(CorsFilter.java:91)
	at org.springframework.web.filter.OncePerRequestFilter.doFilter(OncePerRequestFilter.java:116)
	at org.springframework.security.web.FilterChainProxy$VirtualFilterChain.doFilter(FilterChainProxy.java:374)
	at org.springframework.security.web.header.HeaderWriterFilter.doHeadersAfter(HeaderWriterFilter.java:90)
	at org.springframework.security.web.header.HeaderWriterFilter.doFilterInternal(HeaderWriterFilter.java:75)
	at org.springframework.web.filter.OncePerRequestFilter.doFilter(OncePerRequestFilter.java:116)
	at org.springframework.security.web.FilterChainProxy$VirtualFilterChain.doFilter(FilterChainProxy.java:374)
	at org.springframework.security.web.context.SecurityContextHolderFilter.doFilter(SecurityContextHolderFilter.java:82)
	at org.springframework.security.web.context.SecurityContextHolderFilter.doFilter(SecurityContextHolderFilter.java:69)
	at org.springframework.security.web.FilterChainProxy$VirtualFilterChain.doFilter(FilterChainProxy.java:374)
	at org.springframework.security.web.context.request.async.WebAsyncManagerIntegrationFilter.doFilterInternal(WebAsyncManagerIntegrationFilter.java:62)
	at org.springframework.web.filter.OncePerRequestFilter.doFilter(OncePerRequestFilter.java:116)
	at org.springframework.security.web.FilterChainProxy$VirtualFilterChain.doFilter(FilterChainProxy.java:374)
	at org.springframework.security.web.session.DisableEncodeUrlFilter.doFilterInternal(DisableEncodeUrlFilter.java:42)
	at org.springframework.web.filter.OncePerRequestFilter.doFilter(OncePerRequestFilter.java:116)
	at org.springframework.security.web.FilterChainProxy$VirtualFilterChain.doFilter(FilterChainProxy.java:374)
	at org.springframework.security.web.FilterChainProxy.doFilterInternal(FilterChainProxy.java:233)
	at org.springframework.security.web.FilterChainProxy.doFilter(FilterChainProxy.java:191)
	at org.springframework.web.filter.DelegatingFilterProxy.invokeDelegate(DelegatingFilterProxy.java:352)
	at org.springframework.web.filter.DelegatingFilterProxy.doFilter(DelegatingFilterProxy.java:268)
	at org.apache.catalina.core.ApplicationFilterChain.internalDoFilter(ApplicationFilterChain.java:174)
	at org.apache.catalina.core.ApplicationFilterChain.doFilter(ApplicationFilterChain.java:149)
	at org.springframework.web.filter.RequestContextFilter.doFilterInternal(RequestContextFilter.java:100)
	at org.springframework.web.filter.OncePerRequestFilter.doFilter(OncePerRequestFilter.java:116)
	at org.apache.catalina.core.ApplicationFilterChain.internalDoFilter(ApplicationFilterChain.java:174)
	at org.apache.catalina.core.ApplicationFilterChain.doFilter(ApplicationFilterChain.java:149)
	at org.springframework.web.filter.FormContentFilter.doFilterInternal(FormContentFilter.java:93)
	at org.springframework.web.filter.OncePerRequestFilter.doFilter(OncePerRequestFilter.java:116)
	at org.apache.catalina.core.ApplicationFilterChain.internalDoFilter(ApplicationFilterChain.java:174)
	at org.apache.catalina.core.ApplicationFilterChain.doFilter(ApplicationFilterChain.java:149)
	at org.springframework.web.filter.CharacterEncodingFilter.doFilterInternal(CharacterEncodingFilter.java:201)
	at org.springframework.web.filter.OncePerRequestFilter.doFilter(OncePerRequestFilter.java:116)
	at org.apache.catalina.core.ApplicationFilterChain.internalDoFilter(ApplicationFilterChain.java:174)
	at org.apache.catalina.core.ApplicationFilterChain.doFilter(ApplicationFilterChain.java:149)
	at org.apache.catalina.core.StandardWrapperValve.invoke(StandardWrapperValve.java:166)
	at org.apache.catalina.core.StandardContextValve.invoke(StandardContextValve.java:90)
	at org.apache.catalina.authenticator.AuthenticatorBase.invoke(AuthenticatorBase.java:482)
	at org.apache.catalina.core.StandardHostValve.invoke(StandardHostValve.java:115)
	at org.apache.catalina.valves.ErrorReportValve.invoke(ErrorReportValve.java:93)
	at org.apache.catalina.core.StandardEngineValve.invoke(StandardEngineValve.java:74)
	at org.apache.catalina.connector.CoyoteAdapter.service(CoyoteAdapter.java:341)
	at org.apache.coyote.http11.Http11Processor.service(Http11Processor.java:391)
	at org.apache.coyote.AbstractProcessorLight.process(AbstractProcessorLight.java:63)
	at org.apache.coyote.AbstractProtocol$ConnectionHandler.process(AbstractProtocol.java:894)
	at org.apache.tomcat.util.net.NioEndpoint$SocketProcessor.doRun(NioEndpoint.java:1741)
	at org.apache.tomcat.util.net.SocketProcessorBase.run(SocketProcessorBase.java:52)
	at org.apache.tomcat.util.threads.ThreadPoolExecutor.runWorker(ThreadPoolExecutor.java:1191)
	at org.apache.tomcat.util.threads.ThreadPoolExecutor$Worker.run(ThreadPoolExecutor.java:659)
	at org.apache.tomcat.util.threads.TaskThread$WrappingRunnable.run(TaskThread.java:61)
	at java.base/java.lang.Thread.run(Thread.java:840)
2026-05-14 00:18:57 [http-nio-8080-exec-2] ERROR o.a.c.c.C.[.[.[.[dispatcherServlet] - Servlet.service() for servlet [dispatcherServlet] in context with path [] threw exception
io.jsonwebtoken.ExpiredJwtException: JWT expired at 2026-05-14T00:02:36Z. Current time: 2026-05-14T00:18:57Z, a difference of 981829 milliseconds.  Allowed clock skew: 0 milliseconds.
	at io.jsonwebtoken.impl.DefaultJwtParser.parse(DefaultJwtParser.java:427)
	at io.jsonwebtoken.impl.DefaultJwtParser.parse(DefaultJwtParser.java:529)
	at io.jsonwebtoken.impl.DefaultJwtParser.parseClaimsJws(DefaultJwtParser.java:589)
	at io.jsonwebtoken.impl.ImmutableJwtParser.parseClaimsJws(ImmutableJwtParser.java:173)
	at com.example.demo.security.JwtUtil.extractAllClaims(JwtUtil.java:62)
	at com.example.demo.security.JwtUtil.extractClaim(JwtUtil.java:54)
	at com.example.demo.security.JwtUtil.extractUsername(JwtUtil.java:37)
	at com.example.demo.security.JwtRequestFilter.doFilterInternal(JwtRequestFilter.java:52)
	at org.springframework.web.filter.OncePerRequestFilter.doFilter(OncePerRequestFilter.java:116)
	at org.springframework.security.web.FilterChainProxy$VirtualFilterChain.doFilter(FilterChainProxy.java:374)
	at org.springframework.security.web.authentication.AbstractAuthenticationProcessingFilter.doFilter(AbstractAuthenticationProcessingFilter.java:227)
	at org.springframework.security.web.authentication.AbstractAuthenticationProcessingFilter.doFilter(AbstractAuthenticationProcessingFilter.java:221)
	at org.springframework.security.web.FilterChainProxy$VirtualFilterChain.doFilter(FilterChainProxy.java:374)
	at org.springframework.security.web.authentication.logout.LogoutFilter.doFilter(LogoutFilter.java:107)
	at org.springframework.security.web.authentication.logout.LogoutFilter.doFilter(LogoutFilter.java:93)
	at org.springframework.security.web.FilterChainProxy$VirtualFilterChain.doFilter(FilterChainProxy.java:374)
	at org.springframework.web.filter.CorsFilter.doFilterInternal(CorsFilter.java:91)
	at org.springframework.web.filter.OncePerRequestFilter.doFilter(OncePerRequestFilter.java:116)
	at org.springframework.security.web.FilterChainProxy$VirtualFilterChain.doFilter(FilterChainProxy.java:374)
	at org.springframework.security.web.header.HeaderWriterFilter.doHeadersAfter(HeaderWriterFilter.java:90)
	at org.springframework.security.web.header.HeaderWriterFilter.doFilterInternal(HeaderWriterFilter.java:75)
	at org.springframework.web.filter.OncePerRequestFilter.doFilter(OncePerRequestFilter.java:116)
	at org.springframework.security.web.FilterChainProxy$VirtualFilterChain.doFilter(FilterChainProxy.java:374)
	at org.springframework.security.web.context.SecurityContextHolderFilter.doFilter(SecurityContextHolderFilter.java:82)
	at org.springframework.security.web.context.SecurityContextHolderFilter.doFilter(SecurityContextHolderFilter.java:69)
	at org.springframework.security.web.FilterChainProxy$VirtualFilterChain.doFilter(FilterChainProxy.java:374)
	at org.springframework.security.web.context.request.async.WebAsyncManagerIntegrationFilter.doFilterInternal(WebAsyncManagerIntegrationFilter.java:62)
	at org.springframework.web.filter.OncePerRequestFilter.doFilter(OncePerRequestFilter.java:116)
	at org.springframework.security.web.FilterChainProxy$VirtualFilterChain.doFilter(FilterChainProxy.java:374)
	at org.springframework.security.web.session.DisableEncodeUrlFilter.doFilterInternal(DisableEncodeUrlFilter.java:42)
	at org.springframework.web.filter.OncePerRequestFilter.doFilter(OncePerRequestFilter.java:116)
	at org.springframework.security.web.FilterChainProxy$VirtualFilterChain.doFilter(FilterChainProxy.java:374)
	at org.springframework.security.web.FilterChainProxy.doFilterInternal(FilterChainProxy.java:233)
	at org.springframework.security.web.FilterChainProxy.doFilter(FilterChainProxy.java:191)
	at org.springframework.web.filter.DelegatingFilterProxy.invokeDelegate(DelegatingFilterProxy.java:352)
	at org.springframework.web.filter.DelegatingFilterProxy.doFilter(DelegatingFilterProxy.java:268)
	at org.apache.catalina.core.ApplicationFilterChain.internalDoFilter(ApplicationFilterChain.java:174)
	at org.apache.catalina.core.ApplicationFilterChain.doFilter(ApplicationFilterChain.java:149)
	at org.springframework.web.filter.RequestContextFilter.doFilterInternal(RequestContextFilter.java:100)
	at org.springframework.web.filter.OncePerRequestFilter.doFilter(OncePerRequestFilter.java:116)
	at org.apache.catalina.core.ApplicationFilterChain.internalDoFilter(ApplicationFilterChain.java:174)
	at org.apache.catalina.core.ApplicationFilterChain.doFilter(ApplicationFilterChain.java:149)
	at org.springframework.web.filter.FormContentFilter.doFilterInternal(FormContentFilter.java:93)
	at org.springframework.web.filter.OncePerRequestFilter.doFilter(OncePerRequestFilter.java:116)
	at org.apache.catalina.core.ApplicationFilterChain.internalDoFilter(ApplicationFilterChain.java:174)
	at org.apache.catalina.core.ApplicationFilterChain.doFilter(ApplicationFilterChain.java:149)
	at org.springframework.web.filter.CharacterEncodingFilter.doFilterInternal(CharacterEncodingFilter.java:201)
	at org.springframework.web.filter.OncePerRequestFilter.doFilter(OncePerRequestFilter.java:116)
	at org.apache.catalina.core.ApplicationFilterChain.internalDoFilter(ApplicationFilterChain.java:174)
	at org.apache.catalina.core.ApplicationFilterChain.doFilter(ApplicationFilterChain.java:149)
	at org.apache.catalina.core.StandardWrapperValve.invoke(StandardWrapperValve.java:166)
	at org.apache.catalina.core.StandardContextValve.invoke(StandardContextValve.java:90)
	at org.apache.catalina.authenticator.AuthenticatorBase.invoke(AuthenticatorBase.java:482)
	at org.apache.catalina.core.StandardHostValve.invoke(StandardHostValve.java:115)
	at org.apache.catalina.valves.ErrorReportValve.invoke(ErrorReportValve.java:93)
	at org.apache.catalina.core.StandardEngineValve.invoke(StandardEngineValve.java:74)
	at org.apache.catalina.connector.CoyoteAdapter.service(CoyoteAdapter.java:341)
	at org.apache.coyote.http11.Http11Processor.service(Http11Processor.java:391)
	at org.apache.coyote.AbstractProcessorLight.process(AbstractProcessorLight.java:63)
	at org.apache.coyote.AbstractProtocol$ConnectionHandler.process(AbstractProtocol.java:894)
	at org.apache.tomcat.util.net.NioEndpoint$SocketProcessor.doRun(NioEndpoint.java:1741)
	at org.apache.tomcat.util.net.SocketProcessorBase.run(SocketProcessorBase.java:52)
	at org.apache.tomcat.util.threads.ThreadPoolExecutor.runWorker(ThreadPoolExecutor.java:1191)
	at org.apache.tomcat.util.threads.ThreadPoolExecutor$Worker.run(ThreadPoolExecutor.java:659)
	at org.apache.tomcat.util.threads.TaskThread$WrappingRunnable.run(TaskThread.java:61)
	at java.base/java.lang.Thread.run(Thread.java:840)
2026-05-14 00:18:58 [http-nio-8080-exec-1] ERROR o.a.c.c.C.[.[.[.[dispatcherServlet] - Servlet.service() for servlet [dispatcherServlet] in context with path [] threw exception
io.jsonwebtoken.ExpiredJwtException: JWT expired at 2026-05-14T00:02:36Z. Current time: 2026-05-14T00:18:58Z, a difference of 982735 milliseconds.  Allowed clock skew: 0 milliseconds.
	at io.jsonwebtoken.impl.DefaultJwtParser.parse(DefaultJwtParser.java:427)
	at io.jsonwebtoken.impl.DefaultJwtParser.parse(DefaultJwtParser.java:529)
	at io.jsonwebtoken.impl.DefaultJwtParser.parseClaimsJws(DefaultJwtParser.java:589)
	at io.jsonwebtoken.impl.ImmutableJwtParser.parseClaimsJws(ImmutableJwtParser.java:173)
	at com.example.demo.security.JwtUtil.extractAllClaims(JwtUtil.java:62)
	at com.example.demo.security.JwtUtil.extractClaim(JwtUtil.java:54)
	at com.example.demo.security.JwtUtil.extractUsername(JwtUtil.java:37)
	at com.example.demo.security.JwtRequestFilter.doFilterInternal(JwtRequestFilter.java:52)
	at org.springframework.web.filter.OncePerRequestFilter.doFilter(OncePerRequestFilter.java:116)
	at org.springframework.security.web.FilterChainProxy$VirtualFilterChain.doFilter(FilterChainProxy.java:374)
	at org.springframework.security.web.authentication.AbstractAuthenticationProcessingFilter.doFilter(AbstractAuthenticationProcessingFilter.java:227)
	at org.springframework.security.web.authentication.AbstractAuthenticationProcessingFilter.doFilter(AbstractAuthenticationProcessingFilter.java:221)
	at org.springframework.security.web.FilterChainProxy$VirtualFilterChain.doFilter(FilterChainProxy.java:374)
	at org.springframework.security.web.authentication.logout.LogoutFilter.doFilter(LogoutFilter.java:107)
	at org.springframework.security.web.authentication.logout.LogoutFilter.doFilter(LogoutFilter.java:93)
	at org.springframework.security.web.FilterChainProxy$VirtualFilterChain.doFilter(FilterChainProxy.java:374)
	at org.springframework.web.filter.CorsFilter.doFilterInternal(CorsFilter.java:91)
	at org.springframework.web.filter.OncePerRequestFilter.doFilter(OncePerRequestFilter.java:116)
	at org.springframework.security.web.FilterChainProxy$VirtualFilterChain.doFilter(FilterChainProxy.java:374)
	at org.springframework.security.web.header.HeaderWriterFilter.doHeadersAfter(HeaderWriterFilter.java:90)
	at org.springframework.security.web.header.HeaderWriterFilter.doFilterInternal(HeaderWriterFilter.java:75)
	at org.springframework.web.filter.OncePerRequestFilter.doFilter(OncePerRequestFilter.java:116)
	at org.springframework.security.web.FilterChainProxy$VirtualFilterChain.doFilter(FilterChainProxy.java:374)
	at org.springframework.security.web.context.SecurityContextHolderFilter.doFilter(SecurityContextHolderFilter.java:82)
	at org.springframework.security.web.context.SecurityContextHolderFilter.doFilter(SecurityContextHolderFilter.java:69)
	at org.springframework.security.web.FilterChainProxy$VirtualFilterChain.doFilter(FilterChainProxy.java:374)
	at org.springframework.security.web.context.request.async.WebAsyncManagerIntegrationFilter.doFilterInternal(WebAsyncManagerIntegrationFilter.java:62)
	at org.springframework.web.filter.OncePerRequestFilter.doFilter(OncePerRequestFilter.java:116)
	at org.springframework.security.web.FilterChainProxy$VirtualFilterChain.doFilter(FilterChainProxy.java:374)
	at org.springframework.security.web.session.DisableEncodeUrlFilter.doFilterInternal(DisableEncodeUrlFilter.java:42)
	at org.springframework.web.filter.OncePerRequestFilter.doFilter(OncePerRequestFilter.java:116)
	at org.springframework.security.web.FilterChainProxy$VirtualFilterChain.doFilter(FilterChainProxy.java:374)
	at org.springframework.security.web.FilterChainProxy.doFilterInternal(FilterChainProxy.java:233)
	at org.springframework.security.web.FilterChainProxy.doFilter(FilterChainProxy.java:191)
	at org.springframework.web.filter.DelegatingFilterProxy.invokeDelegate(DelegatingFilterProxy.java:352)
	at org.springframework.web.filter.DelegatingFilterProxy.doFilter(DelegatingFilterProxy.java:268)
	at org.apache.catalina.core.ApplicationFilterChain.internalDoFilter(ApplicationFilterChain.java:174)
	at org.apache.catalina.core.ApplicationFilterChain.doFilter(ApplicationFilterChain.java:149)
	at org.springframework.web.filter.RequestContextFilter.doFilterInternal(RequestContextFilter.java:100)
	at org.springframework.web.filter.OncePerRequestFilter.doFilter(OncePerRequestFilter.java:116)
	at org.apache.catalina.core.ApplicationFilterChain.internalDoFilter(ApplicationFilterChain.java:174)
	at org.apache.catalina.core.ApplicationFilterChain.doFilter(ApplicationFilterChain.java:149)
	at org.springframework.web.filter.FormContentFilter.doFilterInternal(FormContentFilter.java:93)
	at org.springframework.web.filter.OncePerRequestFilter.doFilter(OncePerRequestFilter.java:116)
	at org.apache.catalina.core.ApplicationFilterChain.internalDoFilter(ApplicationFilterChain.java:174)
	at org.apache.catalina.core.ApplicationFilterChain.doFilter(ApplicationFilterChain.java:149)
	at org.springframework.web.filter.CharacterEncodingFilter.doFilterInternal(CharacterEncodingFilter.java:201)
	at org.springframework.web.filter.OncePerRequestFilter.doFilter(OncePerRequestFilter.java:116)
	at org.apache.catalina.core.ApplicationFilterChain.internalDoFilter(ApplicationFilterChain.java:174)
	at org.apache.catalina.core.ApplicationFilterChain.doFilter(ApplicationFilterChain.java:149)
	at org.apache.catalina.core.StandardWrapperValve.invoke(StandardWrapperValve.java:166)
	at org.apache.catalina.core.StandardContextValve.invoke(StandardContextValve.java:90)
	at org.apache.catalina.authenticator.AuthenticatorBase.invoke(AuthenticatorBase.java:482)
	at org.apache.catalina.core.StandardHostValve.invoke(StandardHostValve.java:115)
	at org.apache.catalina.valves.ErrorReportValve.invoke(ErrorReportValve.java:93)
	at org.apache.catalina.core.StandardEngineValve.invoke(StandardEngineValve.java:74)
	at org.apache.catalina.connector.CoyoteAdapter.service(CoyoteAdapter.java:341)
	at org.apache.coyote.http11.Http11Processor.service(Http11Processor.java:391)
	at org.apache.coyote.AbstractProcessorLight.process(AbstractProcessorLight.java:63)
	at org.apache.coyote.AbstractProtocol$ConnectionHandler.process(AbstractProtocol.java:894)
	at org.apache.tomcat.util.net.NioEndpoint$SocketProcessor.doRun(NioEndpoint.java:1741)
	at org.apache.tomcat.util.net.SocketProcessorBase.run(SocketProcessorBase.java:52)
	at org.apache.tomcat.util.threads.ThreadPoolExecutor.runWorker(ThreadPoolExecutor.java:1191)
	at org.apache.tomcat.util.threads.ThreadPoolExecutor$Worker.run(ThreadPoolExecutor.java:659)
	at org.apache.tomcat.util.threads.TaskThread$WrappingRunnable.run(TaskThread.java:61)
	at java.base/java.lang.Thread.run(Thread.java:840)
2026-05-14 00:19:07 [http-nio-8080-exec-4] INFO  UserActivity - leospace001 logged in successfully: 
2026-05-14 00:19:10 [http-nio-8080-exec-3] INFO  UserActivity - leospace001 logged in successfully: 
2026-05-14 00:21:15 [http-nio-8080-exec-7] ERROR o.a.c.c.C.[.[.[.[dispatcherServlet] - Servlet.service() for servlet [dispatcherServlet] in context with path [] threw exception
io.jsonwebtoken.ExpiredJwtException: JWT expired at 2026-05-14T00:02:36Z. Current time: 2026-05-14T00:21:15Z, a difference of 1119344 milliseconds.  Allowed clock skew: 0 milliseconds.
	at io.jsonwebtoken.impl.DefaultJwtParser.parse(DefaultJwtParser.java:427)
	at io.jsonwebtoken.impl.DefaultJwtParser.parse(DefaultJwtParser.java:529)
	at io.jsonwebtoken.impl.DefaultJwtParser.parseClaimsJws(DefaultJwtParser.java:589)
	at io.jsonwebtoken.impl.ImmutableJwtParser.parseClaimsJws(ImmutableJwtParser.java:173)
	at com.example.demo.security.JwtUtil.extractAllClaims(JwtUtil.java:62)
	at com.example.demo.security.JwtUtil.extractClaim(JwtUtil.java:54)
	at com.example.demo.security.JwtUtil.extractUsername(JwtUtil.java:37)
	at com.example.demo.security.JwtRequestFilter.doFilterInternal(JwtRequestFilter.java:52)
	at org.springframework.web.filter.OncePerRequestFilter.doFilter(OncePerRequestFilter.java:116)
	at org.springframework.security.web.FilterChainProxy$VirtualFilterChain.doFilter(FilterChainProxy.java:374)
	at org.springframework.security.web.authentication.AbstractAuthenticationProcessingFilter.doFilter(AbstractAuthenticationProcessingFilter.java:227)
	at org.springframework.security.web.authentication.AbstractAuthenticationProcessingFilter.doFilter(AbstractAuthenticationProcessingFilter.java:221)
	at org.springframework.security.web.FilterChainProxy$VirtualFilterChain.doFilter(FilterChainProxy.java:374)
	at org.springframework.security.web.authentication.logout.LogoutFilter.doFilter(LogoutFilter.java:107)
	at org.springframework.security.web.authentication.logout.LogoutFilter.doFilter(LogoutFilter.java:93)
	at org.springframework.security.web.FilterChainProxy$VirtualFilterChain.doFilter(FilterChainProxy.java:374)
	at org.springframework.web.filter.CorsFilter.doFilterInternal(CorsFilter.java:91)
	at org.springframework.web.filter.OncePerRequestFilter.doFilter(OncePerRequestFilter.java:116)
	at org.springframework.security.web.FilterChainProxy$VirtualFilterChain.doFilter(FilterChainProxy.java:374)
	at org.springframework.security.web.header.HeaderWriterFilter.doHeadersAfter(HeaderWriterFilter.java:90)
	at org.springframework.security.web.header.HeaderWriterFilter.doFilterInternal(HeaderWriterFilter.java:75)
	at org.springframework.web.filter.OncePerRequestFilter.doFilter(OncePerRequestFilter.java:116)
	at org.springframework.security.web.FilterChainProxy$VirtualFilterChain.doFilter(FilterChainProxy.java:374)
	at org.springframework.security.web.context.SecurityContextHolderFilter.doFilter(SecurityContextHolderFilter.java:82)
	at org.springframework.security.web.context.SecurityContextHolderFilter.doFilter(SecurityContextHolderFilter.java:69)
	at org.springframework.security.web.FilterChainProxy$VirtualFilterChain.doFilter(FilterChainProxy.java:374)
	at org.springframework.security.web.context.request.async.WebAsyncManagerIntegrationFilter.doFilterInternal(WebAsyncManagerIntegrationFilter.java:62)
	at org.springframework.web.filter.OncePerRequestFilter.doFilter(OncePerRequestFilter.java:116)
	at org.springframework.security.web.FilterChainProxy$VirtualFilterChain.doFilter(FilterChainProxy.java:374)
	at org.springframework.security.web.session.DisableEncodeUrlFilter.doFilterInternal(DisableEncodeUrlFilter.java:42)
	at org.springframework.web.filter.OncePerRequestFilter.doFilter(OncePerRequestFilter.java:116)
	at org.springframework.security.web.FilterChainProxy$VirtualFilterChain.doFilter(FilterChainProxy.java:374)
	at org.springframework.security.web.FilterChainProxy.doFilterInternal(FilterChainProxy.java:233)
	at org.springframework.security.web.FilterChainProxy.doFilter(FilterChainProxy.java:191)
	at org.springframework.web.filter.DelegatingFilterProxy.invokeDelegate(DelegatingFilterProxy.java:352)
	at org.springframework.web.filter.DelegatingFilterProxy.doFilter(DelegatingFilterProxy.java:268)
	at org.apache.catalina.core.ApplicationFilterChain.internalDoFilter(ApplicationFilterChain.java:174)
	at org.apache.catalina.core.ApplicationFilterChain.doFilter(ApplicationFilterChain.java:149)
	at org.springframework.web.filter.RequestContextFilter.doFilterInternal(RequestContextFilter.java:100)
	at org.springframework.web.filter.OncePerRequestFilter.doFilter(OncePerRequestFilter.java:116)
	at org.apache.catalina.core.ApplicationFilterChain.internalDoFilter(ApplicationFilterChain.java:174)
	at org.apache.catalina.core.ApplicationFilterChain.doFilter(ApplicationFilterChain.java:149)
	at org.springframework.web.filter.FormContentFilter.doFilterInternal(FormContentFilter.java:93)
	at org.springframework.web.filter.OncePerRequestFilter.doFilter(OncePerRequestFilter.java:116)
	at org.apache.catalina.core.ApplicationFilterChain.internalDoFilter(ApplicationFilterChain.java:174)
	at org.apache.catalina.core.ApplicationFilterChain.doFilter(ApplicationFilterChain.java:149)
	at org.springframework.web.filter.CharacterEncodingFilter.doFilterInternal(CharacterEncodingFilter.java:201)
	at org.springframework.web.filter.OncePerRequestFilter.doFilter(OncePerRequestFilter.java:116)
	at org.apache.catalina.core.ApplicationFilterChain.internalDoFilter(ApplicationFilterChain.java:174)
	at org.apache.catalina.core.ApplicationFilterChain.doFilter(ApplicationFilterChain.java:149)
	at org.apache.catalina.core.StandardWrapperValve.invoke(StandardWrapperValve.java:166)
	at org.apache.catalina.core.StandardContextValve.invoke(StandardContextValve.java:90)
	at org.apache.catalina.authenticator.AuthenticatorBase.invoke(AuthenticatorBase.java:482)
	at org.apache.catalina.core.StandardHostValve.invoke(StandardHostValve.java:115)
	at org.apache.catalina.valves.ErrorReportValve.invoke(ErrorReportValve.java:93)
	at org.apache.catalina.core.StandardEngineValve.invoke(StandardEngineValve.java:74)
	at org.apache.catalina.connector.CoyoteAdapter.service(CoyoteAdapter.java:341)
	at org.apache.coyote.http11.Http11Processor.service(Http11Processor.java:391)
	at org.apache.coyote.AbstractProcessorLight.process(AbstractProcessorLight.java:63)
	at org.apache.coyote.AbstractProtocol$ConnectionHandler.process(AbstractProtocol.java:894)
	at org.apache.tomcat.util.net.NioEndpoint$SocketProcessor.doRun(NioEndpoint.java:1741)
	at org.apache.tomcat.util.net.SocketProcessorBase.run(SocketProcessorBase.java:52)
	at org.apache.tomcat.util.threads.ThreadPoolExecutor.runWorker(ThreadPoolExecutor.java:1191)
	at org.apache.tomcat.util.threads.ThreadPoolExecutor$Worker.run(ThreadPoolExecutor.java:659)
	at org.apache.tomcat.util.threads.TaskThread$WrappingRunnable.run(TaskThread.java:61)
	at java.base/java.lang.Thread.run(Thread.java:840)
2026-05-14 00:23:23 [http-nio-8080-exec-9] ERROR o.a.c.c.C.[.[.[.[dispatcherServlet] - Servlet.service() for servlet [dispatcherServlet] in context with path [] threw exception
io.jsonwebtoken.ExpiredJwtException: JWT expired at 2026-05-14T00:02:36Z. Current time: 2026-05-14T00:23:23Z, a difference of 1247976 milliseconds.  Allowed clock skew: 0 milliseconds.
	at io.jsonwebtoken.impl.DefaultJwtParser.parse(DefaultJwtParser.java:427)
	at io.jsonwebtoken.impl.DefaultJwtParser.parse(DefaultJwtParser.java:529)
	at io.jsonwebtoken.impl.DefaultJwtParser.parseClaimsJws(DefaultJwtParser.java:589)
	at io.jsonwebtoken.impl.ImmutableJwtParser.parseClaimsJws(ImmutableJwtParser.java:173)
	at com.example.demo.security.JwtUtil.extractAllClaims(JwtUtil.java:62)
	at com.example.demo.security.JwtUtil.extractClaim(JwtUtil.java:54)
	at com.example.demo.security.JwtUtil.extractUsername(JwtUtil.java:37)
	at com.example.demo.security.JwtRequestFilter.doFilterInternal(JwtRequestFilter.java:52)
	at org.springframework.web.filter.OncePerRequestFilter.doFilter(OncePerRequestFilter.java:116)
	at org.springframework.security.web.FilterChainProxy$VirtualFilterChain.doFilter(FilterChainProxy.java:374)
	at org.springframework.security.web.authentication.AbstractAuthenticationProcessingFilter.doFilter(AbstractAuthenticationProcessingFilter.java:227)
	at org.springframework.security.web.authentication.AbstractAuthenticationProcessingFilter.doFilter(AbstractAuthenticationProcessingFilter.java:221)
	at org.springframework.security.web.FilterChainProxy$VirtualFilterChain.doFilter(FilterChainProxy.java:374)
	at org.springframework.security.web.authentication.logout.LogoutFilter.doFilter(LogoutFilter.java:107)
	at org.springframework.security.web.authentication.logout.LogoutFilter.doFilter(LogoutFilter.java:93)
	at org.springframework.security.web.FilterChainProxy$VirtualFilterChain.doFilter(FilterChainProxy.java:374)
	at org.springframework.web.filter.CorsFilter.doFilterInternal(CorsFilter.java:91)
	at org.springframework.web.filter.OncePerRequestFilter.doFilter(OncePerRequestFilter.java:116)
	at org.springframework.security.web.FilterChainProxy$VirtualFilterChain.doFilter(FilterChainProxy.java:374)
	at org.springframework.security.web.header.HeaderWriterFilter.doHeadersAfter(HeaderWriterFilter.java:90)
	at org.springframework.security.web.header.HeaderWriterFilter.doFilterInternal(HeaderWriterFilter.java:75)
	at org.springframework.web.filter.OncePerRequestFilter.doFilter(OncePerRequestFilter.java:116)
	at org.springframework.security.web.FilterChainProxy$VirtualFilterChain.doFilter(FilterChainProxy.java:374)
	at org.springframework.security.web.context.SecurityContextHolderFilter.doFilter(SecurityContextHolderFilter.java:82)
	at org.springframework.security.web.context.SecurityContextHolderFilter.doFilter(SecurityContextHolderFilter.java:69)
	at org.springframework.security.web.FilterChainProxy$VirtualFilterChain.doFilter(FilterChainProxy.java:374)
	at org.springframework.security.web.context.request.async.WebAsyncManagerIntegrationFilter.doFilterInternal(WebAsyncManagerIntegrationFilter.java:62)
	at org.springframework.web.filter.OncePerRequestFilter.doFilter(OncePerRequestFilter.java:116)
	at org.springframework.security.web.FilterChainProxy$VirtualFilterChain.doFilter(FilterChainProxy.java:374)
	at org.springframework.security.web.session.DisableEncodeUrlFilter.doFilterInternal(DisableEncodeUrlFilter.java:42)
	at org.springframework.web.filter.OncePerRequestFilter.doFilter(OncePerRequestFilter.java:116)
	at org.springframework.security.web.FilterChainProxy$VirtualFilterChain.doFilter(FilterChainProxy.java:374)
	at org.springframework.security.web.FilterChainProxy.doFilterInternal(FilterChainProxy.java:233)
	at org.springframework.security.web.FilterChainProxy.doFilter(FilterChainProxy.java:191)
	at org.springframework.web.filter.DelegatingFilterProxy.invokeDelegate(DelegatingFilterProxy.java:352)
	at org.springframework.web.filter.DelegatingFilterProxy.doFilter(DelegatingFilterProxy.java:268)
	at org.apache.catalina.core.ApplicationFilterChain.internalDoFilter(ApplicationFilterChain.java:174)
	at org.apache.catalina.core.ApplicationFilterChain.doFilter(ApplicationFilterChain.java:149)
	at org.springframework.web.filter.RequestContextFilter.doFilterInternal(RequestContextFilter.java:100)
	at org.springframework.web.filter.OncePerRequestFilter.doFilter(OncePerRequestFilter.java:116)
	at org.apache.catalina.core.ApplicationFilterChain.internalDoFilter(ApplicationFilterChain.java:174)
	at org.apache.catalina.core.ApplicationFilterChain.doFilter(ApplicationFilterChain.java:149)
	at org.springframework.web.filter.FormContentFilter.doFilterInternal(FormContentFilter.java:93)
	at org.springframework.web.filter.OncePerRequestFilter.doFilter(OncePerRequestFilter.java:116)
	at org.apache.catalina.core.ApplicationFilterChain.internalDoFilter(ApplicationFilterChain.java:174)
	at org.apache.catalina.core.ApplicationFilterChain.doFilter(ApplicationFilterChain.java:149)
	at org.springframework.web.filter.CharacterEncodingFilter.doFilterInternal(CharacterEncodingFilter.java:201)
	at org.springframework.web.filter.OncePerRequestFilter.doFilter(OncePerRequestFilter.java:116)
	at org.apache.catalina.core.ApplicationFilterChain.internalDoFilter(ApplicationFilterChain.java:174)
	at org.apache.catalina.core.ApplicationFilterChain.doFilter(ApplicationFilterChain.java:149)
	at org.apache.catalina.core.StandardWrapperValve.invoke(StandardWrapperValve.java:166)
	at org.apache.catalina.core.StandardContextValve.invoke(StandardContextValve.java:90)
	at org.apache.catalina.authenticator.AuthenticatorBase.invoke(AuthenticatorBase.java:482)
	at org.apache.catalina.core.StandardHostValve.invoke(StandardHostValve.java:115)
	at org.apache.catalina.valves.ErrorReportValve.invoke(ErrorReportValve.java:93)
	at org.apache.catalina.core.StandardEngineValve.invoke(StandardEngineValve.java:74)
	at org.apache.catalina.connector.CoyoteAdapter.service(CoyoteAdapter.java:341)
	at org.apache.coyote.http11.Http11Processor.service(Http11Processor.java:391)
	at org.apache.coyote.AbstractProcessorLight.process(AbstractProcessorLight.java:63)
	at org.apache.coyote.AbstractProtocol$ConnectionHandler.process(AbstractProtocol.java:894)
	at org.apache.tomcat.util.net.NioEndpoint$SocketProcessor.doRun(NioEndpoint.java:1741)
	at org.apache.tomcat.util.net.SocketProcessorBase.run(SocketProcessorBase.java:52)
	at org.apache.tomcat.util.threads.ThreadPoolExecutor.runWorker(ThreadPoolExecutor.java:1191)
	at org.apache.tomcat.util.threads.ThreadPoolExecutor$Worker.run(ThreadPoolExecutor.java:659)
	at org.apache.tomcat.util.threads.TaskThread$WrappingRunnable.run(TaskThread.java:61)
	at java.base/java.lang.Thread.run(Thread.java:840)
2026-05-14 00:23:39 [http-nio-8080-exec-10] ERROR o.a.c.c.C.[.[.[.[dispatcherServlet] - Servlet.service() for servlet [dispatcherServlet] in context with path [] threw exception
io.jsonwebtoken.ExpiredJwtException: JWT expired at 2026-05-14T00:02:36Z. Current time: 2026-05-14T00:23:39Z, a difference of 1263305 milliseconds.  Allowed clock skew: 0 milliseconds.
	at io.jsonwebtoken.impl.DefaultJwtParser.parse(DefaultJwtParser.java:427)
	at io.jsonwebtoken.impl.DefaultJwtParser.parse(DefaultJwtParser.java:529)
	at io.jsonwebtoken.impl.DefaultJwtParser.parseClaimsJws(DefaultJwtParser.java:589)
	at io.jsonwebtoken.impl.ImmutableJwtParser.parseClaimsJws(ImmutableJwtParser.java:173)
	at com.example.demo.security.JwtUtil.extractAllClaims(JwtUtil.java:62)
	at com.example.demo.security.JwtUtil.extractClaim(JwtUtil.java:54)
	at com.example.demo.security.JwtUtil.extractUsername(JwtUtil.java:37)
	at com.example.demo.security.JwtRequestFilter.doFilterInternal(JwtRequestFilter.java:52)
	at org.springframework.web.filter.OncePerRequestFilter.doFilter(OncePerRequestFilter.java:116)
	at org.springframework.security.web.FilterChainProxy$VirtualFilterChain.doFilter(FilterChainProxy.java:374)
	at org.springframework.security.web.authentication.AbstractAuthenticationProcessingFilter.doFilter(AbstractAuthenticationProcessingFilter.java:227)
	at org.springframework.security.web.authentication.AbstractAuthenticationProcessingFilter.doFilter(AbstractAuthenticationProcessingFilter.java:221)
	at org.springframework.security.web.FilterChainProxy$VirtualFilterChain.doFilter(FilterChainProxy.java:374)
	at org.springframework.security.web.authentication.logout.LogoutFilter.doFilter(LogoutFilter.java:107)
	at org.springframework.security.web.authentication.logout.LogoutFilter.doFilter(LogoutFilter.java:93)
	at org.springframework.security.web.FilterChainProxy$VirtualFilterChain.doFilter(FilterChainProxy.java:374)
	at org.springframework.web.filter.CorsFilter.doFilterInternal(CorsFilter.java:91)
	at org.springframework.web.filter.OncePerRequestFilter.doFilter(OncePerRequestFilter.java:116)
	at org.springframework.security.web.FilterChainProxy$VirtualFilterChain.doFilter(FilterChainProxy.java:374)
	at org.springframework.security.web.header.HeaderWriterFilter.doHeadersAfter(HeaderWriterFilter.java:90)
	at org.springframework.security.web.header.HeaderWriterFilter.doFilterInternal(HeaderWriterFilter.java:75)
	at org.springframework.web.filter.OncePerRequestFilter.doFilter(OncePerRequestFilter.java:116)
	at org.springframework.security.web.FilterChainProxy$VirtualFilterChain.doFilter(FilterChainProxy.java:374)
	at org.springframework.security.web.context.SecurityContextHolderFilter.doFilter(SecurityContextHolderFilter.java:82)
	at org.springframework.security.web.context.SecurityContextHolderFilter.doFilter(SecurityContextHolderFilter.java:69)
	at org.springframework.security.web.FilterChainProxy$VirtualFilterChain.doFilter(FilterChainProxy.java:374)
	at org.springframework.security.web.context.request.async.WebAsyncManagerIntegrationFilter.doFilterInternal(WebAsyncManagerIntegrationFilter.java:62)
	at org.springframework.web.filter.OncePerRequestFilter.doFilter(OncePerRequestFilter.java:116)
	at org.springframework.security.web.FilterChainProxy$VirtualFilterChain.doFilter(FilterChainProxy.java:374)
	at org.springframework.security.web.session.DisableEncodeUrlFilter.doFilterInternal(DisableEncodeUrlFilter.java:42)
	at org.springframework.web.filter.OncePerRequestFilter.doFilter(OncePerRequestFilter.java:116)
	at org.springframework.security.web.FilterChainProxy$VirtualFilterChain.doFilter(FilterChainProxy.java:374)
	at org.springframework.security.web.FilterChainProxy.doFilterInternal(FilterChainProxy.java:233)
	at org.springframework.security.web.FilterChainProxy.doFilter(FilterChainProxy.java:191)
	at org.springframework.web.filter.DelegatingFilterProxy.invokeDelegate(DelegatingFilterProxy.java:352)
	at org.springframework.web.filter.DelegatingFilterProxy.doFilter(DelegatingFilterProxy.java:268)
	at org.apache.catalina.core.ApplicationFilterChain.internalDoFilter(ApplicationFilterChain.java:174)
	at org.apache.catalina.core.ApplicationFilterChain.doFilter(ApplicationFilterChain.java:149)
	at org.springframework.web.filter.RequestContextFilter.doFilterInternal(RequestContextFilter.java:100)
	at org.springframework.web.filter.OncePerRequestFilter.doFilter(OncePerRequestFilter.java:116)
	at org.apache.catalina.core.ApplicationFilterChain.internalDoFilter(ApplicationFilterChain.java:174)
	at org.apache.catalina.core.ApplicationFilterChain.doFilter(ApplicationFilterChain.java:149)
	at org.springframework.web.filter.FormContentFilter.doFilterInternal(FormContentFilter.java:93)
	at org.springframework.web.filter.OncePerRequestFilter.doFilter(OncePerRequestFilter.java:116)
	at org.apache.catalina.core.ApplicationFilterChain.internalDoFilter(ApplicationFilterChain.java:174)
	at org.apache.catalina.core.ApplicationFilterChain.doFilter(ApplicationFilterChain.java:149)
	at org.springframework.web.filter.CharacterEncodingFilter.doFilterInternal(CharacterEncodingFilter.java:201)
	at org.springframework.web.filter.OncePerRequestFilter.doFilter(OncePerRequestFilter.java:116)
	at org.apache.catalina.core.ApplicationFilterChain.internalDoFilter(ApplicationFilterChain.java:174)
	at org.apache.catalina.core.ApplicationFilterChain.doFilter(ApplicationFilterChain.java:149)
	at org.apache.catalina.core.StandardWrapperValve.invoke(StandardWrapperValve.java:166)
	at org.apache.catalina.core.StandardContextValve.invoke(StandardContextValve.java:90)
	at org.apache.catalina.authenticator.AuthenticatorBase.invoke(AuthenticatorBase.java:482)
	at org.apache.catalina.core.StandardHostValve.invoke(StandardHostValve.java:115)
	at org.apache.catalina.valves.ErrorReportValve.invoke(ErrorReportValve.java:93)
	at org.apache.catalina.core.StandardEngineValve.invoke(StandardEngineValve.java:74)
	at org.apache.catalina.connector.CoyoteAdapter.service(CoyoteAdapter.java:341)
	at org.apache.coyote.http11.Http11Processor.service(Http11Processor.java:391)
	at org.apache.coyote.AbstractProcessorLight.process(AbstractProcessorLight.java:63)
	at org.apache.coyote.AbstractProtocol$ConnectionHandler.process(AbstractProtocol.java:894)
	at org.apache.tomcat.util.net.NioEndpoint$SocketProcessor.doRun(NioEndpoint.java:1741)
	at org.apache.tomcat.util.net.SocketProcessorBase.run(SocketProcessorBase.java:52)
	at org.apache.tomcat.util.threads.ThreadPoolExecutor.runWorker(ThreadPoolExecutor.java:1191)
	at org.apache.tomcat.util.threads.ThreadPoolExecutor$Worker.run(ThreadPoolExecutor.java:659)
	at org.apache.tomcat.util.threads.TaskThread$WrappingRunnable.run(TaskThread.java:61)
	at java.base/java.lang.Thread.run(Thread.java:840)
2026-05-14 00:23:52 [http-nio-8080-exec-2] ERROR o.a.c.c.C.[.[.[.[dispatcherServlet] - Servlet.service() for servlet [dispatcherServlet] in context with path [] threw exception
io.jsonwebtoken.ExpiredJwtException: JWT expired at 2026-05-14T00:02:36Z. Current time: 2026-05-14T00:23:52Z, a difference of 1276268 milliseconds.  Allowed clock skew: 0 milliseconds.
	at io.jsonwebtoken.impl.DefaultJwtParser.parse(DefaultJwtParser.java:427)
	at io.jsonwebtoken.impl.DefaultJwtParser.parse(DefaultJwtParser.java:529)
	at io.jsonwebtoken.impl.DefaultJwtParser.parseClaimsJws(DefaultJwtParser.java:589)
	at io.jsonwebtoken.impl.ImmutableJwtParser.parseClaimsJws(ImmutableJwtParser.java:173)
	at com.example.demo.security.JwtUtil.extractAllClaims(JwtUtil.java:62)
	at com.example.demo.security.JwtUtil.extractClaim(JwtUtil.java:54)
	at com.example.demo.security.JwtUtil.extractUsername(JwtUtil.java:37)
	at com.example.demo.security.JwtRequestFilter.doFilterInternal(JwtRequestFilter.java:52)
	at org.springframework.web.filter.OncePerRequestFilter.doFilter(OncePerRequestFilter.java:116)
	at org.springframework.security.web.FilterChainProxy$VirtualFilterChain.doFilter(FilterChainProxy.java:374)
	at org.springframework.security.web.authentication.AbstractAuthenticationProcessingFilter.doFilter(AbstractAuthenticationProcessingFilter.java:227)
	at org.springframework.security.web.authentication.AbstractAuthenticationProcessingFilter.doFilter(AbstractAuthenticationProcessingFilter.java:221)
	at org.springframework.security.web.FilterChainProxy$VirtualFilterChain.doFilter(FilterChainProxy.java:374)
	at org.springframework.security.web.authentication.logout.LogoutFilter.doFilter(LogoutFilter.java:107)
	at org.springframework.security.web.authentication.logout.LogoutFilter.doFilter(LogoutFilter.java:93)
	at org.springframework.security.web.FilterChainProxy$VirtualFilterChain.doFilter(FilterChainProxy.java:374)
	at org.springframework.web.filter.CorsFilter.doFilterInternal(CorsFilter.java:91)
	at org.springframework.web.filter.OncePerRequestFilter.doFilter(OncePerRequestFilter.java:116)
	at org.springframework.security.web.FilterChainProxy$VirtualFilterChain.doFilter(FilterChainProxy.java:374)
	at org.springframework.security.web.header.HeaderWriterFilter.doHeadersAfter(HeaderWriterFilter.java:90)
	at org.springframework.security.web.header.HeaderWriterFilter.doFilterInternal(HeaderWriterFilter.java:75)
	at org.springframework.web.filter.OncePerRequestFilter.doFilter(OncePerRequestFilter.java:116)
	at org.springframework.security.web.FilterChainProxy$VirtualFilterChain.doFilter(FilterChainProxy.java:374)
	at org.springframework.security.web.context.SecurityContextHolderFilter.doFilter(SecurityContextHolderFilter.java:82)
	at org.springframework.security.web.context.SecurityContextHolderFilter.doFilter(SecurityContextHolderFilter.java:69)
	at org.springframework.security.web.FilterChainProxy$VirtualFilterChain.doFilter(FilterChainProxy.java:374)
	at org.springframework.security.web.context.request.async.WebAsyncManagerIntegrationFilter.doFilterInternal(WebAsyncManagerIntegrationFilter.java:62)
	at org.springframework.web.filter.OncePerRequestFilter.doFilter(OncePerRequestFilter.java:116)
	at org.springframework.security.web.FilterChainProxy$VirtualFilterChain.doFilter(FilterChainProxy.java:374)
	at org.springframework.security.web.session.DisableEncodeUrlFilter.doFilterInternal(DisableEncodeUrlFilter.java:42)
	at org.springframework.web.filter.OncePerRequestFilter.doFilter(OncePerRequestFilter.java:116)
	at org.springframework.security.web.FilterChainProxy$VirtualFilterChain.doFilter(FilterChainProxy.java:374)
	at org.springframework.security.web.FilterChainProxy.doFilterInternal(FilterChainProxy.java:233)
	at org.springframework.security.web.FilterChainProxy.doFilter(FilterChainProxy.java:191)
	at org.springframework.web.filter.DelegatingFilterProxy.invokeDelegate(DelegatingFilterProxy.java:352)
	at org.springframework.web.filter.DelegatingFilterProxy.doFilter(DelegatingFilterProxy.java:268)
	at org.apache.catalina.core.ApplicationFilterChain.internalDoFilter(ApplicationFilterChain.java:174)
	at org.apache.catalina.core.ApplicationFilterChain.doFilter(ApplicationFilterChain.java:149)
	at org.springframework.web.filter.RequestContextFilter.doFilterInternal(RequestContextFilter.java:100)
	at org.springframework.web.filter.OncePerRequestFilter.doFilter(OncePerRequestFilter.java:116)
	at org.apache.catalina.core.ApplicationFilterChain.internalDoFilter(ApplicationFilterChain.java:174)
	at org.apache.catalina.core.ApplicationFilterChain.doFilter(ApplicationFilterChain.java:149)
	at org.springframework.web.filter.FormContentFilter.doFilterInternal(FormContentFilter.java:93)
	at org.springframework.web.filter.OncePerRequestFilter.doFilter(OncePerRequestFilter.java:116)
	at org.apache.catalina.core.ApplicationFilterChain.internalDoFilter(ApplicationFilterChain.java:174)
	at org.apache.catalina.core.ApplicationFilterChain.doFilter(ApplicationFilterChain.java:149)
	at org.springframework.web.filter.CharacterEncodingFilter.doFilterInternal(CharacterEncodingFilter.java:201)
	at org.springframework.web.filter.OncePerRequestFilter.doFilter(OncePerRequestFilter.java:116)
	at org.apache.catalina.core.ApplicationFilterChain.internalDoFilter(ApplicationFilterChain.java:174)
	at org.apache.catalina.core.ApplicationFilterChain.doFilter(ApplicationFilterChain.java:149)
	at org.apache.catalina.core.StandardWrapperValve.invoke(StandardWrapperValve.java:166)
	at org.apache.catalina.core.StandardContextValve.invoke(StandardContextValve.java:90)
	at org.apache.catalina.authenticator.AuthenticatorBase.invoke(AuthenticatorBase.java:482)
	at org.apache.catalina.core.StandardHostValve.invoke(StandardHostValve.java:115)
	at org.apache.catalina.valves.ErrorReportValve.invoke(ErrorReportValve.java:93)
	at org.apache.catalina.core.StandardEngineValve.invoke(StandardEngineValve.java:74)
	at org.apache.catalina.connector.CoyoteAdapter.service(CoyoteAdapter.java:341)
	at org.apache.coyote.http11.Http11Processor.service(Http11Processor.java:391)
	at org.apache.coyote.AbstractProcessorLight.process(AbstractProcessorLight.java:63)
	at org.apache.coyote.AbstractProtocol$ConnectionHandler.process(AbstractProtocol.java:894)
	at org.apache.tomcat.util.net.NioEndpoint$SocketProcessor.doRun(NioEndpoint.java:1741)
	at org.apache.tomcat.util.net.SocketProcessorBase.run(SocketProcessorBase.java:52)
	at org.apache.tomcat.util.threads.ThreadPoolExecutor.runWorker(ThreadPoolExecutor.java:1191)
	at org.apache.tomcat.util.threads.ThreadPoolExecutor$Worker.run(ThreadPoolExecutor.java:659)
	at org.apache.tomcat.util.threads.TaskThread$WrappingRunnable.run(TaskThread.java:61)
	at java.base/java.lang.Thread.run(Thread.java:840)
2026-05-14 00:23:53 [http-nio-8080-exec-1] ERROR o.a.c.c.C.[.[.[.[dispatcherServlet] - Servlet.service() for servlet [dispatcherServlet] in context with path [] threw exception
io.jsonwebtoken.ExpiredJwtException: JWT expired at 2026-05-14T00:02:36Z. Current time: 2026-05-14T00:23:53Z, a difference of 1277071 milliseconds.  Allowed clock skew: 0 milliseconds.
	at io.jsonwebtoken.impl.DefaultJwtParser.parse(DefaultJwtParser.java:427)
	at io.jsonwebtoken.impl.DefaultJwtParser.parse(DefaultJwtParser.java:529)
	at io.jsonwebtoken.impl.DefaultJwtParser.parseClaimsJws(DefaultJwtParser.java:589)
	at io.jsonwebtoken.impl.ImmutableJwtParser.parseClaimsJws(ImmutableJwtParser.java:173)
	at com.example.demo.security.JwtUtil.extractAllClaims(JwtUtil.java:62)
	at com.example.demo.security.JwtUtil.extractClaim(JwtUtil.java:54)
	at com.example.demo.security.JwtUtil.extractUsername(JwtUtil.java:37)
	at com.example.demo.security.JwtRequestFilter.doFilterInternal(JwtRequestFilter.java:52)
	at org.springframework.web.filter.OncePerRequestFilter.doFilter(OncePerRequestFilter.java:116)
	at org.springframework.security.web.FilterChainProxy$VirtualFilterChain.doFilter(FilterChainProxy.java:374)
	at org.springframework.security.web.authentication.AbstractAuthenticationProcessingFilter.doFilter(AbstractAuthenticationProcessingFilter.java:227)
	at org.springframework.security.web.authentication.AbstractAuthenticationProcessingFilter.doFilter(AbstractAuthenticationProcessingFilter.java:221)
	at org.springframework.security.web.FilterChainProxy$VirtualFilterChain.doFilter(FilterChainProxy.java:374)
	at org.springframework.security.web.authentication.logout.LogoutFilter.doFilter(LogoutFilter.java:107)
	at org.springframework.security.web.authentication.logout.LogoutFilter.doFilter(LogoutFilter.java:93)
	at org.springframework.security.web.FilterChainProxy$VirtualFilterChain.doFilter(FilterChainProxy.java:374)
	at org.springframework.web.filter.CorsFilter.doFilterInternal(CorsFilter.java:91)
	at org.springframework.web.filter.OncePerRequestFilter.doFilter(OncePerRequestFilter.java:116)
	at org.springframework.security.web.FilterChainProxy$VirtualFilterChain.doFilter(FilterChainProxy.java:374)
	at org.springframework.security.web.header.HeaderWriterFilter.doHeadersAfter(HeaderWriterFilter.java:90)
	at org.springframework.security.web.header.HeaderWriterFilter.doFilterInternal(HeaderWriterFilter.java:75)
	at org.springframework.web.filter.OncePerRequestFilter.doFilter(OncePerRequestFilter.java:116)
	at org.springframework.security.web.FilterChainProxy$VirtualFilterChain.doFilter(FilterChainProxy.java:374)
	at org.springframework.security.web.context.SecurityContextHolderFilter.doFilter(SecurityContextHolderFilter.java:82)
	at org.springframework.security.web.context.SecurityContextHolderFilter.doFilter(SecurityContextHolderFilter.java:69)
	at org.springframework.security.web.FilterChainProxy$VirtualFilterChain.doFilter(FilterChainProxy.java:374)
	at org.springframework.security.web.context.request.async.WebAsyncManagerIntegrationFilter.doFilterInternal(WebAsyncManagerIntegrationFilter.java:62)
	at org.springframework.web.filter.OncePerRequestFilter.doFilter(OncePerRequestFilter.java:116)
	at org.springframework.security.web.FilterChainProxy$VirtualFilterChain.doFilter(FilterChainProxy.java:374)
	at org.springframework.security.web.session.DisableEncodeUrlFilter.doFilterInternal(DisableEncodeUrlFilter.java:42)
	at org.springframework.web.filter.OncePerRequestFilter.doFilter(OncePerRequestFilter.java:116)
	at org.springframework.security.web.FilterChainProxy$VirtualFilterChain.doFilter(FilterChainProxy.java:374)
	at org.springframework.security.web.FilterChainProxy.doFilterInternal(FilterChainProxy.java:233)
	at org.springframework.security.web.FilterChainProxy.doFilter(FilterChainProxy.java:191)
	at org.springframework.web.filter.DelegatingFilterProxy.invokeDelegate(DelegatingFilterProxy.java:352)
	at org.springframework.web.filter.DelegatingFilterProxy.doFilter(DelegatingFilterProxy.java:268)
	at org.apache.catalina.core.ApplicationFilterChain.internalDoFilter(ApplicationFilterChain.java:174)
	at org.apache.catalina.core.ApplicationFilterChain.doFilter(ApplicationFilterChain.java:149)
	at org.springframework.web.filter.RequestContextFilter.doFilterInternal(RequestContextFilter.java:100)
	at org.springframework.web.filter.OncePerRequestFilter.doFilter(OncePerRequestFilter.java:116)
	at org.apache.catalina.core.ApplicationFilterChain.internalDoFilter(ApplicationFilterChain.java:174)
	at org.apache.catalina.core.ApplicationFilterChain.doFilter(ApplicationFilterChain.java:149)
	at org.springframework.web.filter.FormContentFilter.doFilterInternal(FormContentFilter.java:93)
	at org.springframework.web.filter.OncePerRequestFilter.doFilter(OncePerRequestFilter.java:116)
	at org.apache.catalina.core.ApplicationFilterChain.internalDoFilter(ApplicationFilterChain.java:174)
	at org.apache.catalina.core.ApplicationFilterChain.doFilter(ApplicationFilterChain.java:149)
	at org.springframework.web.filter.CharacterEncodingFilter.doFilterInternal(CharacterEncodingFilter.java:201)
	at org.springframework.web.filter.OncePerRequestFilter.doFilter(OncePerRequestFilter.java:116)
	at org.apache.catalina.core.ApplicationFilterChain.internalDoFilter(ApplicationFilterChain.java:174)
	at org.apache.catalina.core.ApplicationFilterChain.doFilter(ApplicationFilterChain.java:149)
	at org.apache.catalina.core.StandardWrapperValve.invoke(StandardWrapperValve.java:166)
	at org.apache.catalina.core.StandardContextValve.invoke(StandardContextValve.java:90)
	at org.apache.catalina.authenticator.AuthenticatorBase.invoke(AuthenticatorBase.java:482)
	at org.apache.catalina.core.StandardHostValve.invoke(StandardHostValve.java:115)
	at org.apache.catalina.valves.ErrorReportValve.invoke(ErrorReportValve.java:93)
	at org.apache.catalina.core.StandardEngineValve.invoke(StandardEngineValve.java:74)
	at org.apache.catalina.connector.CoyoteAdapter.service(CoyoteAdapter.java:341)
	at org.apache.coyote.http11.Http11Processor.service(Http11Processor.java:391)
	at org.apache.coyote.AbstractProcessorLight.process(AbstractProcessorLight.java:63)
	at org.apache.coyote.AbstractProtocol$ConnectionHandler.process(AbstractProtocol.java:894)
	at org.apache.tomcat.util.net.NioEndpoint$SocketProcessor.doRun(NioEndpoint.java:1741)
	at org.apache.tomcat.util.net.SocketProcessorBase.run(SocketProcessorBase.java:52)
	at org.apache.tomcat.util.threads.ThreadPoolExecutor.runWorker(ThreadPoolExecutor.java:1191)
	at org.apache.tomcat.util.threads.ThreadPoolExecutor$Worker.run(ThreadPoolExecutor.java:659)
	at org.apache.tomcat.util.threads.TaskThread$WrappingRunnable.run(TaskThread.java:61)
	at java.base/java.lang.Thread.run(Thread.java:840)
2026-05-14 00:24:00 [http-nio-8080-exec-4] INFO  UserActivity - leospace001 logged in successfully: 
2026-05-14 00:24:11 [http-nio-8080-exec-3] ERROR o.a.c.c.C.[.[.[.[dispatcherServlet] - Servlet.service() for servlet [dispatcherServlet] in context with path [] threw exception
io.jsonwebtoken.ExpiredJwtException: JWT expired at 2026-05-14T00:24:00Z. Current time: 2026-05-14T00:24:11Z, a difference of 11175 milliseconds.  Allowed clock skew: 0 milliseconds.
	at io.jsonwebtoken.impl.DefaultJwtParser.parse(DefaultJwtParser.java:427)
	at io.jsonwebtoken.impl.DefaultJwtParser.parse(DefaultJwtParser.java:529)
	at io.jsonwebtoken.impl.DefaultJwtParser.parseClaimsJws(DefaultJwtParser.java:589)
	at io.jsonwebtoken.impl.ImmutableJwtParser.parseClaimsJws(ImmutableJwtParser.java:173)
	at com.example.demo.security.JwtUtil.extractAllClaims(JwtUtil.java:62)
	at com.example.demo.security.JwtUtil.extractClaim(JwtUtil.java:54)
	at com.example.demo.security.JwtUtil.extractUsername(JwtUtil.java:37)
	at com.example.demo.security.JwtRequestFilter.doFilterInternal(JwtRequestFilter.java:52)
	at org.springframework.web.filter.OncePerRequestFilter.doFilter(OncePerRequestFilter.java:116)
	at org.springframework.security.web.FilterChainProxy$VirtualFilterChain.doFilter(FilterChainProxy.java:374)
	at org.springframework.security.web.authentication.AbstractAuthenticationProcessingFilter.doFilter(AbstractAuthenticationProcessingFilter.java:227)
	at org.springframework.security.web.authentication.AbstractAuthenticationProcessingFilter.doFilter(AbstractAuthenticationProcessingFilter.java:221)
	at org.springframework.security.web.FilterChainProxy$VirtualFilterChain.doFilter(FilterChainProxy.java:374)
	at org.springframework.security.web.authentication.logout.LogoutFilter.doFilter(LogoutFilter.java:107)
	at org.springframework.security.web.authentication.logout.LogoutFilter.doFilter(LogoutFilter.java:93)
	at org.springframework.security.web.FilterChainProxy$VirtualFilterChain.doFilter(FilterChainProxy.java:374)
	at org.springframework.web.filter.CorsFilter.doFilterInternal(CorsFilter.java:91)
	at org.springframework.web.filter.OncePerRequestFilter.doFilter(OncePerRequestFilter.java:116)
	at org.springframework.security.web.FilterChainProxy$VirtualFilterChain.doFilter(FilterChainProxy.java:374)
	at org.springframework.security.web.header.HeaderWriterFilter.doHeadersAfter(HeaderWriterFilter.java:90)
	at org.springframework.security.web.header.HeaderWriterFilter.doFilterInternal(HeaderWriterFilter.java:75)
	at org.springframework.web.filter.OncePerRequestFilter.doFilter(OncePerRequestFilter.java:116)
	at org.springframework.security.web.FilterChainProxy$VirtualFilterChain.doFilter(FilterChainProxy.java:374)
	at org.springframework.security.web.context.SecurityContextHolderFilter.doFilter(SecurityContextHolderFilter.java:82)
	at org.springframework.security.web.context.SecurityContextHolderFilter.doFilter(SecurityContextHolderFilter.java:69)
	at org.springframework.security.web.FilterChainProxy$VirtualFilterChain.doFilter(FilterChainProxy.java:374)
	at org.springframework.security.web.context.request.async.WebAsyncManagerIntegrationFilter.doFilterInternal(WebAsyncManagerIntegrationFilter.java:62)
	at org.springframework.web.filter.OncePerRequestFilter.doFilter(OncePerRequestFilter.java:116)
	at org.springframework.security.web.FilterChainProxy$VirtualFilterChain.doFilter(FilterChainProxy.java:374)
	at org.springframework.security.web.session.DisableEncodeUrlFilter.doFilterInternal(DisableEncodeUrlFilter.java:42)
	at org.springframework.web.filter.OncePerRequestFilter.doFilter(OncePerRequestFilter.java:116)
	at org.springframework.security.web.FilterChainProxy$VirtualFilterChain.doFilter(FilterChainProxy.java:374)
	at org.springframework.security.web.FilterChainProxy.doFilterInternal(FilterChainProxy.java:233)
	at org.springframework.security.web.FilterChainProxy.doFilter(FilterChainProxy.java:191)
	at org.springframework.web.filter.DelegatingFilterProxy.invokeDelegate(DelegatingFilterProxy.java:352)
	at org.springframework.web.filter.DelegatingFilterProxy.doFilter(DelegatingFilterProxy.java:268)
	at org.apache.catalina.core.ApplicationFilterChain.internalDoFilter(ApplicationFilterChain.java:174)
	at org.apache.catalina.core.ApplicationFilterChain.doFilter(ApplicationFilterChain.java:149)
	at org.springframework.web.filter.RequestContextFilter.doFilterInternal(RequestContextFilter.java:100)
	at org.springframework.web.filter.OncePerRequestFilter.doFilter(OncePerRequestFilter.java:116)
	at org.apache.catalina.core.ApplicationFilterChain.internalDoFilter(ApplicationFilterChain.java:174)
	at org.apache.catalina.core.ApplicationFilterChain.doFilter(ApplicationFilterChain.java:149)
	at org.springframework.web.filter.FormContentFilter.doFilterInternal(FormContentFilter.java:93)
	at org.springframework.web.filter.OncePerRequestFilter.doFilter(OncePerRequestFilter.java:116)
	at org.apache.catalina.core.ApplicationFilterChain.internalDoFilter(ApplicationFilterChain.java:174)
	at org.apache.catalina.core.ApplicationFilterChain.doFilter(ApplicationFilterChain.java:149)
	at org.springframework.web.filter.CharacterEncodingFilter.doFilterInternal(CharacterEncodingFilter.java:201)
	at org.springframework.web.filter.OncePerRequestFilter.doFilter(OncePerRequestFilter.java:116)
	at org.apache.catalina.core.ApplicationFilterChain.internalDoFilter(ApplicationFilterChain.java:174)
	at org.apache.catalina.core.ApplicationFilterChain.doFilter(ApplicationFilterChain.java:149)
	at org.apache.catalina.core.StandardWrapperValve.invoke(StandardWrapperValve.java:166)
	at org.apache.catalina.core.StandardContextValve.invoke(StandardContextValve.java:90)
	at org.apache.catalina.authenticator.AuthenticatorBase.invoke(AuthenticatorBase.java:482)
	at org.apache.catalina.core.StandardHostValve.invoke(StandardHostValve.java:115)
	at org.apache.catalina.valves.ErrorReportValve.invoke(ErrorReportValve.java:93)
	at org.apache.catalina.core.StandardEngineValve.invoke(StandardEngineValve.java:74)
	at org.apache.catalina.connector.CoyoteAdapter.service(CoyoteAdapter.java:341)
	at org.apache.coyote.http11.Http11Processor.service(Http11Processor.java:391)
	at org.apache.coyote.AbstractProcessorLight.process(AbstractProcessorLight.java:63)
	at org.apache.coyote.AbstractProtocol$ConnectionHandler.process(AbstractProtocol.java:894)
	at org.apache.tomcat.util.net.NioEndpoint$SocketProcessor.doRun(NioEndpoint.java:1741)
	at org.apache.tomcat.util.net.SocketProcessorBase.run(SocketProcessorBase.java:52)
	at org.apache.tomcat.util.threads.ThreadPoolExecutor.runWorker(ThreadPoolExecutor.java:1191)
	at org.apache.tomcat.util.threads.ThreadPoolExecutor$Worker.run(ThreadPoolExecutor.java:659)
	at org.apache.tomcat.util.threads.TaskThread$WrappingRunnable.run(TaskThread.java:61)
	at java.base/java.lang.Thread.run(Thread.java:840)
2026-05-14 00:29:47 [SpringApplicationShutdownHook] INFO  o.s.o.j.LocalContainerEntityManagerFactoryBean - Closing JPA EntityManagerFactory for persistence unit 'default'
2026-05-14 00:29:47 [SpringApplicationShutdownHook] INFO  com.zaxxer.hikari.HikariDataSource - HikariPool-1 - Shutdown initiated...
2026-05-14 00:29:47 [SpringApplicationShutdownHook] INFO  com.zaxxer.hikari.HikariDataSource - HikariPool-1 - Shutdown completed.
2026-05-14 00:31:52 [main] INFO  com.example.demo.DemoApplication - Starting DemoApplication v0.0.1-SNAPSHOT using Java 17.0.19 with PID 1 (/app/app.jar started by root in /app)
2026-05-14 00:31:52 [main] INFO  com.example.demo.DemoApplication - No active profile set, falling back to 1 default profile: "default"
2026-05-14 00:31:53 [main] INFO  o.s.d.r.c.RepositoryConfigurationDelegate - Bootstrapping Spring Data JPA repositories in DEFAULT mode.
2026-05-14 00:31:53 [main] INFO  o.s.d.r.c.RepositoryConfigurationDelegate - Finished Spring Data repository scanning in 69 ms. Found 3 JPA repository interfaces.
2026-05-14 00:31:54 [main] INFO  o.s.b.w.e.tomcat.TomcatWebServer - Tomcat initialized with port(s): 8080 (http)
2026-05-14 00:31:54 [main] INFO  o.a.coyote.http11.Http11NioProtocol - Initializing ProtocolHandler ["http-nio-8080"]
2026-05-14 00:31:54 [main] INFO  o.a.catalina.core.StandardService - Starting service [Tomcat]
2026-05-14 00:31:54 [main] INFO  o.a.catalina.core.StandardEngine - Starting Servlet engine: [Apache Tomcat/10.1.10]
2026-05-14 00:31:54 [main] INFO  o.a.c.c.C.[Tomcat].[localhost].[/] - Initializing Spring embedded WebApplicationContext
2026-05-14 00:31:54 [main] INFO  o.s.b.w.s.c.ServletWebServerApplicationContext - Root WebApplicationContext: initialization completed in 1727 ms
2026-05-14 00:31:54 [main] INFO  o.h.jpa.internal.util.LogHelper - HHH000204: Processing PersistenceUnitInfo [name: default]
2026-05-14 00:31:54 [main] INFO  org.hibernate.Version - HHH000412: Hibernate ORM core version 6.2.5.Final
2026-05-14 00:31:54 [main] INFO  org.hibernate.cfg.Environment - HHH000406: Using bytecode reflection optimizer
2026-05-14 00:31:54 [main] INFO  o.h.b.i.BytecodeProviderInitiator - HHH000021: Bytecode provider name : bytebuddy
2026-05-14 00:31:54 [main] INFO  o.s.o.j.p.SpringPersistenceUnitInfo - No LoadTimeWeaver setup: ignoring JPA class transformer
2026-05-14 00:31:54 [main] INFO  com.zaxxer.hikari.HikariDataSource - HikariPool-1 - Starting...
2026-05-14 00:31:55 [main] INFO  com.zaxxer.hikari.pool.HikariPool - HikariPool-1 - Added connection org.postgresql.jdbc.PgConnection@5467eea4
2026-05-14 00:31:55 [main] INFO  com.zaxxer.hikari.HikariDataSource - HikariPool-1 - Start completed.
2026-05-14 00:31:55 [main] INFO  o.h.b.i.BytecodeProviderInitiator - HHH000021: Bytecode provider name : bytebuddy
2026-05-14 00:31:57 [main] INFO  o.h.e.t.j.p.i.JtaPlatformInitiator - HHH000490: Using JtaPlatform implementation: [org.hibernate.engine.transaction.jta.platform.internal.NoJtaPlatform]
2026-05-14 00:31:57 [main] INFO  o.s.o.j.LocalContainerEntityManagerFactoryBean - Initialized JPA EntityManagerFactory for persistence unit 'default'
2026-05-14 00:31:58 [main] INFO  o.s.d.j.r.query.QueryEnhancerFactory - Hibernate is in classpath; If applicable, HQL parser will be used.
2026-05-14 00:32:05 [main] INFO  o.s.s.web.DefaultSecurityFilterChain - Will secure any request with [org.springframework.security.web.session.DisableEncodeUrlFilter@53cddaf8, org.springframework.security.web.context.request.async.WebAsyncManagerIntegrationFilter@55c50f52, org.springframework.security.web.context.SecurityContextHolderFilter@104a287c, org.springframework.security.web.header.HeaderWriterFilter@44641d6c, org.springframework.web.filter.CorsFilter@1ccc1026, org.springframework.security.web.authentication.logout.LogoutFilter@7f51f588, com.example.demo.security.SecurityConfig$JsonUsernamePasswordAuthenticationFilter@3c91530d, com.example.demo.security.JwtRequestFilter@68565bc7, org.springframework.security.web.savedrequest.RequestCacheAwareFilter@26874f2c, org.springframework.security.web.servletapi.SecurityContextHolderAwareRequestFilter@1e734eee, org.springframework.security.web.authentication.AnonymousAuthenticationFilter@4044589a, org.springframework.security.web.session.SessionManagementFilter@59d5a6fd, org.springframework.security.web.access.ExceptionTranslationFilter@13ca16bf, org.springframework.security.web.access.intercept.AuthorizationFilter@1002d192]
2026-05-14 00:32:05 [main] INFO  o.a.coyote.http11.Http11NioProtocol - Starting ProtocolHandler ["http-nio-8080"]
2026-05-14 00:32:05 [main] INFO  o.s.b.w.e.tomcat.TomcatWebServer - Tomcat started on port(s): 8080 (http) with context path ''
2026-05-14 00:32:05 [main] INFO  com.example.demo.DemoApplication - Started DemoApplication in 14.027 seconds (process running for 14.936)
2026-05-14 00:32:07 [http-nio-8080-exec-1] INFO  o.a.c.c.C.[Tomcat].[localhost].[/] - Initializing Spring DispatcherServlet 'dispatcherServlet'
2026-05-14 00:32:07 [http-nio-8080-exec-1] INFO  o.s.web.servlet.DispatcherServlet - Initializing Servlet 'dispatcherServlet'
2026-05-14 00:32:07 [http-nio-8080-exec-1] INFO  o.s.web.servlet.DispatcherServlet - Completed initialization in 2 ms
2026-05-14 00:32:07 [http-nio-8080-exec-10] WARN  o.s.c.LocalVariableTableParameterNameDiscoverer - Using deprecated '-debug' fallback for parameter name resolution. Compile the affected code with '-parameters' instead or avoid its introspection: com.example.demo.controller.EmployeeController
2026-05-14 00:32:08 [http-nio-8080-exec-10] WARN  o.s.c.LocalVariableTableParameterNameDiscoverer - Using deprecated '-debug' fallback for parameter name resolution. Compile the affected code with '-parameters' instead or avoid its introspection: com.example.demo.controller.AuthController
2026-05-14 00:32:08 [http-nio-8080-exec-10] WARN  o.s.c.LocalVariableTableParameterNameDiscoverer - Using deprecated '-debug' fallback for parameter name resolution. Compile the affected code with '-parameters' instead or avoid its introspection: com.example.demo.controller.UserRegisterController
2026-05-14 00:32:08 [http-nio-8080-exec-10] WARN  o.s.c.LocalVariableTableParameterNameDiscoverer - Using deprecated '-debug' fallback for parameter name resolution. Compile the affected code with '-parameters' instead or avoid its introspection: com.example.demo.controller.LoginController
2026-05-14 00:32:08 [http-nio-8080-exec-10] INFO  o.s.api.AbstractOpenApiResource - Init duration for springdoc-openapi is: 383 ms
2026-05-14 00:32:10 [http-nio-8080-exec-9] INFO  UserActivity - leospace001 logged in successfully: 
2026-05-14 00:32:22 [http-nio-8080-exec-1] INFO  UserActivity - Authorization header found: Bearer eyJhbGciOiJIUzUxMiJ9.eyJzdWIiOiJsZW9zcGFjZTAwMSIsImlhdCI6MTc3ODcxODczMCwiZXhwIjoxNzc4NzE4NzMwfQ.E_tfL7HtprT9V4PpsSfbFgnj-vjIW-MHTTAmlp49O8xd8789bSRBjdp26ZaxmADojZ-d_TohbU0tGz7X-JNKQw
2026-05-14 00:32:22 [http-nio-8080-exec-1] ERROR o.a.c.c.C.[.[.[.[dispatcherServlet] - Servlet.service() for servlet [dispatcherServlet] in context with path [] threw exception
io.jsonwebtoken.ExpiredJwtException: JWT expired at 2026-05-14T00:32:10Z. Current time: 2026-05-14T00:32:22Z, a difference of 12593 milliseconds.  Allowed clock skew: 0 milliseconds.
	at io.jsonwebtoken.impl.DefaultJwtParser.parse(DefaultJwtParser.java:427)
	at io.jsonwebtoken.impl.DefaultJwtParser.parse(DefaultJwtParser.java:529)
	at io.jsonwebtoken.impl.DefaultJwtParser.parseClaimsJws(DefaultJwtParser.java:589)
	at io.jsonwebtoken.impl.ImmutableJwtParser.parseClaimsJws(ImmutableJwtParser.java:173)
	at com.example.demo.security.JwtUtil.extractAllClaims(JwtUtil.java:62)
	at com.example.demo.security.JwtUtil.extractClaim(JwtUtil.java:54)
	at com.example.demo.security.JwtUtil.extractUsername(JwtUtil.java:37)
	at com.example.demo.security.JwtRequestFilter.doFilterInternal(JwtRequestFilter.java:56)
	at org.springframework.web.filter.OncePerRequestFilter.doFilter(OncePerRequestFilter.java:116)
	at org.springframework.security.web.FilterChainProxy$VirtualFilterChain.doFilter(FilterChainProxy.java:374)
	at org.springframework.security.web.authentication.AbstractAuthenticationProcessingFilter.doFilter(AbstractAuthenticationProcessingFilter.java:227)
	at org.springframework.security.web.authentication.AbstractAuthenticationProcessingFilter.doFilter(AbstractAuthenticationProcessingFilter.java:221)
	at org.springframework.security.web.FilterChainProxy$VirtualFilterChain.doFilter(FilterChainProxy.java:374)
	at org.springframework.security.web.authentication.logout.LogoutFilter.doFilter(LogoutFilter.java:107)
	at org.springframework.security.web.authentication.logout.LogoutFilter.doFilter(LogoutFilter.java:93)
	at org.springframework.security.web.FilterChainProxy$VirtualFilterChain.doFilter(FilterChainProxy.java:374)
	at org.springframework.web.filter.CorsFilter.doFilterInternal(CorsFilter.java:91)
	at org.springframework.web.filter.OncePerRequestFilter.doFilter(OncePerRequestFilter.java:116)
	at org.springframework.security.web.FilterChainProxy$VirtualFilterChain.doFilter(FilterChainProxy.java:374)
	at org.springframework.security.web.header.HeaderWriterFilter.doHeadersAfter(HeaderWriterFilter.java:90)
	at org.springframework.security.web.header.HeaderWriterFilter.doFilterInternal(HeaderWriterFilter.java:75)
	at org.springframework.web.filter.OncePerRequestFilter.doFilter(OncePerRequestFilter.java:116)
	at org.springframework.security.web.FilterChainProxy$VirtualFilterChain.doFilter(FilterChainProxy.java:374)
	at org.springframework.security.web.context.SecurityContextHolderFilter.doFilter(SecurityContextHolderFilter.java:82)
	at org.springframework.security.web.context.SecurityContextHolderFilter.doFilter(SecurityContextHolderFilter.java:69)
	at org.springframework.security.web.FilterChainProxy$VirtualFilterChain.doFilter(FilterChainProxy.java:374)
	at org.springframework.security.web.context.request.async.WebAsyncManagerIntegrationFilter.doFilterInternal(WebAsyncManagerIntegrationFilter.java:62)
	at org.springframework.web.filter.OncePerRequestFilter.doFilter(OncePerRequestFilter.java:116)
	at org.springframework.security.web.FilterChainProxy$VirtualFilterChain.doFilter(FilterChainProxy.java:374)
	at org.springframework.security.web.session.DisableEncodeUrlFilter.doFilterInternal(DisableEncodeUrlFilter.java:42)
	at org.springframework.web.filter.OncePerRequestFilter.doFilter(OncePerRequestFilter.java:116)
	at org.springframework.security.web.FilterChainProxy$VirtualFilterChain.doFilter(FilterChainProxy.java:374)
	at org.springframework.security.web.FilterChainProxy.doFilterInternal(FilterChainProxy.java:233)
	at org.springframework.security.web.FilterChainProxy.doFilter(FilterChainProxy.java:191)
	at org.springframework.web.filter.DelegatingFilterProxy.invokeDelegate(DelegatingFilterProxy.java:352)
	at org.springframework.web.filter.DelegatingFilterProxy.doFilter(DelegatingFilterProxy.java:268)
	at org.apache.catalina.core.ApplicationFilterChain.internalDoFilter(ApplicationFilterChain.java:174)
	at org.apache.catalina.core.ApplicationFilterChain.doFilter(ApplicationFilterChain.java:149)
	at org.springframework.web.filter.RequestContextFilter.doFilterInternal(RequestContextFilter.java:100)
	at org.springframework.web.filter.OncePerRequestFilter.doFilter(OncePerRequestFilter.java:116)
	at org.apache.catalina.core.ApplicationFilterChain.internalDoFilter(ApplicationFilterChain.java:174)
	at org.apache.catalina.core.ApplicationFilterChain.doFilter(ApplicationFilterChain.java:149)
	at org.springframework.web.filter.FormContentFilter.doFilterInternal(FormContentFilter.java:93)
	at org.springframework.web.filter.OncePerRequestFilter.doFilter(OncePerRequestFilter.java:116)
	at org.apache.catalina.core.ApplicationFilterChain.internalDoFilter(ApplicationFilterChain.java:174)
	at org.apache.catalina.core.ApplicationFilterChain.doFilter(ApplicationFilterChain.java:149)
	at org.springframework.web.filter.CharacterEncodingFilter.doFilterInternal(CharacterEncodingFilter.java:201)
	at org.springframework.web.filter.OncePerRequestFilter.doFilter(OncePerRequestFilter.java:116)
	at org.apache.catalina.core.ApplicationFilterChain.internalDoFilter(ApplicationFilterChain.java:174)
	at org.apache.catalina.core.ApplicationFilterChain.doFilter(ApplicationFilterChain.java:149)
	at org.apache.catalina.core.StandardWrapperValve.invoke(StandardWrapperValve.java:166)
	at org.apache.catalina.core.StandardContextValve.invoke(StandardContextValve.java:90)
	at org.apache.catalina.authenticator.AuthenticatorBase.invoke(AuthenticatorBase.java:482)
	at org.apache.catalina.core.StandardHostValve.invoke(StandardHostValve.java:115)
	at org.apache.catalina.valves.ErrorReportValve.invoke(ErrorReportValve.java:93)
	at org.apache.catalina.core.StandardEngineValve.invoke(StandardEngineValve.java:74)
	at org.apache.catalina.connector.CoyoteAdapter.service(CoyoteAdapter.java:341)
	at org.apache.coyote.http11.Http11Processor.service(Http11Processor.java:391)
	at org.apache.coyote.AbstractProcessorLight.process(AbstractProcessorLight.java:63)
	at org.apache.coyote.AbstractProtocol$ConnectionHandler.process(AbstractProtocol.java:894)
	at org.apache.tomcat.util.net.NioEndpoint$SocketProcessor.doRun(NioEndpoint.java:1741)
	at org.apache.tomcat.util.net.SocketProcessorBase.run(SocketProcessorBase.java:52)
	at org.apache.tomcat.util.threads.ThreadPoolExecutor.runWorker(ThreadPoolExecutor.java:1191)
	at org.apache.tomcat.util.threads.ThreadPoolExecutor$Worker.run(ThreadPoolExecutor.java:659)
	at org.apache.tomcat.util.threads.TaskThread$WrappingRunnable.run(TaskThread.java:61)
	at java.base/java.lang.Thread.run(Thread.java:840)
2026-05-14 00:34:05 [SpringApplicationShutdownHook] INFO  o.s.o.j.LocalContainerEntityManagerFactoryBean - Closing JPA EntityManagerFactory for persistence unit 'default'
2026-05-14 00:34:05 [SpringApplicationShutdownHook] INFO  com.zaxxer.hikari.HikariDataSource - HikariPool-1 - Shutdown initiated...
2026-05-14 00:34:05 [SpringApplicationShutdownHook] INFO  com.zaxxer.hikari.HikariDataSource - HikariPool-1 - Shutdown completed.
2026-05-14 00:36:06 [main] INFO  com.example.demo.DemoApplication - Starting DemoApplication v0.0.1-SNAPSHOT using Java 17.0.19 with PID 1 (/app/app.jar started by root in /app)
2026-05-14 00:36:06 [main] INFO  com.example.demo.DemoApplication - No active profile set, falling back to 1 default profile: "default"
2026-05-14 00:36:07 [main] INFO  o.s.d.r.c.RepositoryConfigurationDelegate - Bootstrapping Spring Data JPA repositories in DEFAULT mode.
2026-05-14 00:36:07 [main] INFO  o.s.d.r.c.RepositoryConfigurationDelegate - Finished Spring Data repository scanning in 77 ms. Found 3 JPA repository interfaces.
2026-05-14 00:36:08 [main] INFO  o.s.b.w.e.tomcat.TomcatWebServer - Tomcat initialized with port(s): 8080 (http)
2026-05-14 00:36:08 [main] INFO  o.a.coyote.http11.Http11NioProtocol - Initializing ProtocolHandler ["http-nio-8080"]
2026-05-14 00:36:08 [main] INFO  o.a.catalina.core.StandardService - Starting service [Tomcat]
2026-05-14 00:36:08 [main] INFO  o.a.catalina.core.StandardEngine - Starting Servlet engine: [Apache Tomcat/10.1.10]
2026-05-14 00:36:08 [main] INFO  o.a.c.c.C.[Tomcat].[localhost].[/] - Initializing Spring embedded WebApplicationContext
2026-05-14 00:36:08 [main] INFO  o.s.b.w.s.c.ServletWebServerApplicationContext - Root WebApplicationContext: initialization completed in 1614 ms
2026-05-14 00:36:08 [main] INFO  o.h.jpa.internal.util.LogHelper - HHH000204: Processing PersistenceUnitInfo [name: default]
2026-05-14 00:36:08 [main] INFO  org.hibernate.Version - HHH000412: Hibernate ORM core version 6.2.5.Final
2026-05-14 00:36:08 [main] INFO  org.hibernate.cfg.Environment - HHH000406: Using bytecode reflection optimizer
2026-05-14 00:36:08 [main] INFO  o.h.b.i.BytecodeProviderInitiator - HHH000021: Bytecode provider name : bytebuddy
2026-05-14 00:36:08 [main] INFO  o.s.o.j.p.SpringPersistenceUnitInfo - No LoadTimeWeaver setup: ignoring JPA class transformer
2026-05-14 00:36:08 [main] INFO  com.zaxxer.hikari.HikariDataSource - HikariPool-1 - Starting...
2026-05-14 00:36:08 [main] INFO  com.zaxxer.hikari.pool.HikariPool - HikariPool-1 - Added connection org.postgresql.jdbc.PgConnection@40ab8a8
2026-05-14 00:36:08 [main] INFO  com.zaxxer.hikari.HikariDataSource - HikariPool-1 - Start completed.
2026-05-14 00:36:09 [main] INFO  o.h.b.i.BytecodeProviderInitiator - HHH000021: Bytecode provider name : bytebuddy
2026-05-14 00:36:10 [main] INFO  o.h.e.t.j.p.i.JtaPlatformInitiator - HHH000490: Using JtaPlatform implementation: [org.hibernate.engine.transaction.jta.platform.internal.NoJtaPlatform]
2026-05-14 00:36:10 [main] INFO  o.s.o.j.LocalContainerEntityManagerFactoryBean - Initialized JPA EntityManagerFactory for persistence unit 'default'
2026-05-14 00:36:11 [main] INFO  o.s.d.j.r.query.QueryEnhancerFactory - Hibernate is in classpath; If applicable, HQL parser will be used.
2026-05-14 00:36:12 [main] INFO  o.s.s.web.DefaultSecurityFilterChain - Will secure any request with [org.springframework.security.web.session.DisableEncodeUrlFilter@7de35070, org.springframework.security.web.context.request.async.WebAsyncManagerIntegrationFilter@216f01, org.springframework.security.web.context.SecurityContextHolderFilter@1e734eee, org.springframework.security.web.header.HeaderWriterFilter@4357524b, org.springframework.web.filter.CorsFilter@7c901203, org.springframework.security.web.authentication.logout.LogoutFilter@19ae36f4, com.example.demo.security.SecurityConfig$JsonUsernamePasswordAuthenticationFilter@30c4e352, com.example.demo.security.JwtRequestFilter@11e355ca, org.springframework.security.web.savedrequest.RequestCacheAwareFilter@2fbd390, org.springframework.security.web.servletapi.SecurityContextHolderAwareRequestFilter@5e68be2, org.springframework.security.web.authentication.AnonymousAuthenticationFilter@1e721583, org.springframework.security.web.session.SessionManagementFilter@64dc86c6, org.springframework.security.web.access.ExceptionTranslationFilter@59d5a6fd, org.springframework.security.web.access.intercept.AuthorizationFilter@55c50f52]
2026-05-14 00:36:13 [main] INFO  o.a.coyote.http11.Http11NioProtocol - Starting ProtocolHandler ["http-nio-8080"]
2026-05-14 00:36:13 [main] INFO  o.s.b.w.e.tomcat.TomcatWebServer - Tomcat started on port(s): 8080 (http) with context path ''
2026-05-14 00:36:13 [main] INFO  com.example.demo.DemoApplication - Started DemoApplication in 7.353 seconds (process running for 8.256)
2026-05-14 00:36:13 [http-nio-8080-exec-1] INFO  o.a.c.c.C.[Tomcat].[localhost].[/] - Initializing Spring DispatcherServlet 'dispatcherServlet'
2026-05-14 00:36:13 [http-nio-8080-exec-1] INFO  o.s.web.servlet.DispatcherServlet - Initializing Servlet 'dispatcherServlet'
2026-05-14 00:36:13 [http-nio-8080-exec-1] INFO  o.s.web.servlet.DispatcherServlet - Completed initialization in 2 ms
2026-05-14 00:36:14 [http-nio-8080-exec-1] INFO  UserActivity - leospace001 logged in successfully: 
2026-05-14 00:36:24 [http-nio-8080-exec-2] INFO  UserActivity - Authorization header found: Bearer eyJhbGciOiJIUzUxMiJ9.eyJzdWIiOiJsZW9zcGFjZTAwMSIsImlhdCI6MTc3ODcxODk3NCwiZXhwIjoxNzc4ODE4OTc0fQ.OYLtTil-nm7cwduh-AvYtpDTk8oiT3y71TU6evWe9DgzuVKKFOqgzo4-ZzjCxDEgYcfr7ahpi1DPQu-FN_M4wg
2026-05-14 00:36:26 [http-nio-8080-exec-3] INFO  UserActivity - Authorization header found: Bearer eyJhbGciOiJIUzUxMiJ9.eyJzdWIiOiJsZW9zcGFjZTAwMSIsImlhdCI6MTc3ODcxODk3NCwiZXhwIjoxNzc4ODE4OTc0fQ.OYLtTil-nm7cwduh-AvYtpDTk8oiT3y71TU6evWe9DgzuVKKFOqgzo4-ZzjCxDEgYcfr7ahpi1DPQu-FN_M4wg
2026-05-14 00:37:31 [http-nio-8080-exec-5] INFO  UserActivity - Authorization header found: Bearer eyJhbGciOiJIUzUxMiJ9.eyJzdWIiOiJsZW9zcGFjZTAwMSIsImlhdCI6MTc3ODcxODk3NCwiZXhwIjoxNzc4ODE4OTc0fQ.OYLtTil-nm7cwduh-AvYtpDTk8oiT3y71TU6evWe9DgzuVKKFOqgzo4-ZzjCxDEgYcfr7ahpi1DPQu-FN_M4wg
2026-05-14 00:37:32 [http-nio-8080-exec-6] INFO  UserActivity - Authorization header found: Bearer eyJhbGciOiJIUzUxMiJ9.eyJzdWIiOiJsZW9zcGFjZTAwMSIsImlhdCI6MTc3ODcxODk3NCwiZXhwIjoxNzc4ODE4OTc0fQ.OYLtTil-nm7cwduh-AvYtpDTk8oiT3y71TU6evWe9DgzuVKKFOqgzo4-ZzjCxDEgYcfr7ahpi1DPQu-FN_M4wg
2026-05-14 00:37:37 [http-nio-8080-exec-7] INFO  UserActivity - Authorization header found: Bearer eyJhbGciOiJIUzUxMiJ9.eyJzdWIiOiJsZW9zcGFjZTAwMSIsImlhdCI6MTc3ODcxODk3NCwiZXhwIjoxNzc4ODE4OTc0fQ.OYLtTil-nm7cwduh-AvYtpDTk8oiT3y71TU6evWe9DgzuVKKFOqgzo4-ZzjCxDEgYcfr7ahpi1DPQu-FN_M4wg
2026-05-14 00:37:39 [http-nio-8080-exec-8] INFO  UserActivity - Authorization header found: Bearer eyJhbGciOiJIUzUxMiJ9.eyJzdWIiOiJsZW9zcGFjZTAwMSIsImlhdCI6MTc3ODcxODk3NCwiZXhwIjoxNzc4ODE4OTc0fQ.OYLtTil-nm7cwduh-AvYtpDTk8oiT3y71TU6evWe9DgzuVKKFOqgzo4-ZzjCxDEgYcfr7ahpi1DPQu-FN_M4wg
2026-05-14 00:37:40 [http-nio-8080-exec-9] INFO  UserActivity - Authorization header found: Bearer eyJhbGciOiJIUzUxMiJ9.eyJzdWIiOiJsZW9zcGFjZTAwMSIsImlhdCI6MTc3ODcxODk3NCwiZXhwIjoxNzc4ODE4OTc0fQ.OYLtTil-nm7cwduh-AvYtpDTk8oiT3y71TU6evWe9DgzuVKKFOqgzo4-ZzjCxDEgYcfr7ahpi1DPQu-FN_M4wg
2026-05-14 00:37:41 [http-nio-8080-exec-10] INFO  UserActivity - Authorization header found: Bearer eyJhbGciOiJIUzUxMiJ9.eyJzdWIiOiJsZW9zcGFjZTAwMSIsImlhdCI6MTc3ODcxODk3NCwiZXhwIjoxNzc4ODE4OTc0fQ.OYLtTil-nm7cwduh-AvYtpDTk8oiT3y71TU6evWe9DgzuVKKFOqgzo4-ZzjCxDEgYcfr7ahpi1DPQu-FN_M4wg
2026-05-14 00:38:00 [http-nio-8080-exec-2] INFO  UserActivity - Authorization header found: Bearer eyJhbGciOiJIUzUxMiJ9.eyJzdWIiOiJsZW9zcGFjZTAwMSIsImlhdCI6MTc3ODcxODk3NCwiZXhwIjoxNzc4ODE4OTc0fQ.OYLtTil-nm7cwduh-AvYtpDTk8oiT3y71TU6evWe9DgzuVKKFOqgzo4-ZzjCxDEgYcfr7ahpi1DPQu-FN_M4wg
2026-05-14 00:38:52 [http-nio-8080-exec-4] INFO  UserActivity - Authorization header found: Bearer eyJhbGciOiJIUzUxMiJ9.eyJzdWIiOiJsZW9zcGFjZTAwMSIsImlhdCI6MTc3ODcxODk3NCwiZXhwIjoxNzc4ODE4OTc0fQ.OYLtTil-nm7cwduh-AvYtpDTk8oiT3y71TU6evWe9DgzuVKKFOqgzo4-ZzjCxDEgYcfr7ahpi1DPQu-FN_M4wg
2026-05-14 00:39:10 [http-nio-8080-exec-6] INFO  UserActivity - Authorization header found: Bearer eyJhbGciOiJIUzUxMiJ9.eyJzdWIiOiJsZW9zcGFjZTAwMSIsImlhdCI6MTc3ODcxODk3NCwiZXhwIjoxNzc4ODE4OTc0fQ.OYLtTil-nm7cwduh-AvYtpDTk8oiT3y71TU6evWe9DgzuVKKFOqgzo4-ZzjCxDEgYcfr7ahpi1DPQu-FN_M4wg
2026-05-14 00:39:57 [http-nio-8080-exec-7] INFO  UserActivity - Authorization header found: Bearer eyJhbGciOiJIUzUxMiJ9.eyJzdWIiOiJsZW9zcGFjZTAwMSIsImlhdCI6MTc3ODcxODk3NCwiZXhwIjoxNzc4ODE4OTc0fQ.OYLtTil-nm7cwduh-AvYtpDTk8oiT3y71TU6evWe9DgzuVKKFOqgzo4-ZzjCxDEgYcfr7ahpi1DPQu-FN_M4wg
2026-05-14 00:39:58 [http-nio-8080-exec-8] INFO  UserActivity - Authorization header found: Bearer eyJhbGciOiJIUzUxMiJ9.eyJzdWIiOiJsZW9zcGFjZTAwMSIsImlhdCI6MTc3ODcxODk3NCwiZXhwIjoxNzc4ODE4OTc0fQ.OYLtTil-nm7cwduh-AvYtpDTk8oiT3y71TU6evWe9DgzuVKKFOqgzo4-ZzjCxDEgYcfr7ahpi1DPQu-FN_M4wg
2026-05-14 00:41:07 [http-nio-8080-exec-3] INFO  UserActivity - Authorization header found: Bearer eyJhbGciOiJIUzUxMiJ9.eyJzdWIiOiJsZW9zcGFjZTAwMSIsImlhdCI6MTc3ODcxODk3NCwiZXhwIjoxNzc4ODE4OTc0fQ.OYLtTil-nm7cwduh-AvYtpDTk8oiT3y71TU6evWe9DgzuVKKFOqgzo4-ZzjCxDEgYcfr7ahpi1DPQu-FN_M4wg
2026-05-14 00:41:15 [http-nio-8080-exec-4] INFO  UserActivity - Authorization header found: Bearer eyJhbGciOiJIUzUxMiJ9.eyJzdWIiOiJsZW9zcGFjZTAwMSIsImlhdCI6MTc3ODcxODk3NCwiZXhwIjoxNzc4ODE4OTc0fQ.OYLtTil-nm7cwduh-AvYtpDTk8oiT3y71TU6evWe9DgzuVKKFOqgzo4-ZzjCxDEgYcfr7ahpi1DPQu-FN_M4wg
2026-05-14 00:41:38 [http-nio-8080-exec-6] INFO  UserActivity - Authorization header found: Bearer eyJhbGciOiJIUzUxMiJ9.eyJzdWIiOiJsZW9zcGFjZTAwMSIsImlhdCI6MTc3ODcxODk3NCwiZXhwIjoxNzc4ODE4OTc0fQ.OYLtTil-nm7cwduh-AvYtpDTk8oiT3y71TU6evWe9DgzuVKKFOqgzo4-ZzjCxDEgYcfr7ahpi1DPQu-FN_M4wg
2026-05-14 00:42:12 [http-nio-8080-exec-7] INFO  UserActivity - Authorization header found: Bearer eyJhbGciOiJIUzUxMiJ9.eyJzdWIiOiJsZW9zcGFjZTAwMSIsImlhdCI6MTc3ODcxODk3NCwiZXhwIjoxNzc4ODE4OTc0fQ.OYLtTil-nm7cwduh-AvYtpDTk8oiT3y71TU6evWe9DgzuVKKFOqgzo4-ZzjCxDEgYcfr7ahpi1DPQu-FN_M4wg
2026-05-14 00:42:17 [http-nio-8080-exec-8] INFO  UserActivity - Authorization header found: Bearer eyJhbGciOiJIUzUxMiJ9.eyJzdWIiOiJsZW9zcGFjZTAwMSIsImlhdCI6MTc3ODcxODk3NCwiZXhwIjoxNzc4ODE4OTc0fQ.OYLtTil-nm7cwduh-AvYtpDTk8oiT3y71TU6evWe9DgzuVKKFOqgzo4-ZzjCxDEgYcfr7ahpi1DPQu-FN_M4wg
2026-05-14 00:42:33 [http-nio-8080-exec-9] INFO  UserActivity - Authorization header found: Bearer eyJhbGciOiJIUzUxMiJ9.eyJzdWIiOiJsZW9zcGFjZTAwMSIsImlhdCI6MTc3ODcxODk3NCwiZXhwIjoxNzc4ODE4OTc0fQ.OYLtTil-nm7cwduh-AvYtpDTk8oiT3y71TU6evWe9DgzuVKKFOqgzo4-ZzjCxDEgYcfr7ahpi1DPQu-FN_M4wg
2026-05-14 00:42:42 [http-nio-8080-exec-10] INFO  UserActivity - Authorization header found: Bearer eyJhbGciOiJIUzUxMiJ9.eyJzdWIiOiJsZW9zcGFjZTAwMSIsImlhdCI6MTc3ODcxODk3NCwiZXhwIjoxNzc4ODE4OTc0fQ.OYLtTil-nm7cwduh-AvYtpDTk8oiT3y71TU6evWe9DgzuVKKFOqgzo4-ZzjCxDEgYcfr7ahpi1DPQu-FN_M4wg
2026-05-14 00:42:42 [http-nio-8080-exec-10] WARN  o.s.w.s.m.s.DefaultHandlerExceptionResolver - Resolved [org.springframework.web.HttpMediaTypeNotSupportedException: Content-Type 'text/plain;charset=UTF-8' is not supported]
2026-05-14 00:43:28 [http-nio-8080-exec-1] INFO  UserActivity - leospace001 logged in successfully: 
2026-05-14 00:43:37 [http-nio-8080-exec-2] INFO  UserActivity - leospace001 logged in successfully: 
2026-05-14 00:43:47 [http-nio-8080-exec-3] INFO  UserActivity - Authorization header found: Bearer eyJhbGciOiJIUzUxMiJ9.eyJzdWIiOiJsZW9zcGFjZTAwMSIsImlhdCI6MTc3ODcxOTQxNywiZXhwIjoxNzc4ODE5NDE3fQ.iSGq_e4ZeucM1vQO4h3RBnZ2Oh4YxFeUe27urdbUWm91XrokvhKzF61S9Byhv7HCX_zpCRE2Uww-lyFib_DKLQ
2026-05-14 00:43:47 [http-nio-8080-exec-3] WARN  o.s.w.s.m.s.DefaultHandlerExceptionResolver - Resolved [org.springframework.web.HttpMediaTypeNotSupportedException: Content-Type 'text/plain;charset=UTF-8' is not supported]
2026-05-14 00:44:35 [http-nio-8080-exec-6] INFO  UserActivity - Authorization header found: Bearer eyJhbGciOiJIUzUxMiJ9.eyJzdWIiOiJsZW9zcGFjZTAwMSIsImlhdCI6MTc3ODcxOTQxNywiZXhwIjoxNzc4ODE5NDE3fQ.iSGq_e4ZeucM1vQO4h3RBnZ2Oh4YxFeUe27urdbUWm91XrokvhKzF61S9Byhv7HCX_zpCRE2Uww-lyFib_DKLQ
2026-05-14 00:44:35 [http-nio-8080-exec-6] WARN  o.s.w.s.m.s.DefaultHandlerExceptionResolver - Resolved [org.springframework.web.HttpRequestMethodNotSupportedException: Request method 'GET' is not supported]
2026-05-14 00:44:41 [http-nio-8080-exec-7] INFO  UserActivity - Authorization header found: Bearer eyJhbGciOiJIUzUxMiJ9.eyJzdWIiOiJsZW9zcGFjZTAwMSIsImlhdCI6MTc3ODcxOTQxNywiZXhwIjoxNzc4ODE5NDE3fQ.iSGq_e4ZeucM1vQO4h3RBnZ2Oh4YxFeUe27urdbUWm91XrokvhKzF61S9Byhv7HCX_zpCRE2Uww-lyFib_DKLQ
2026-05-14 00:45:52 [http-nio-8080-exec-1] INFO  UserActivity - Authorization header found: Bearer eyJhbGciOiJIUzUxMiJ9.eyJzdWIiOiJsZW9zcGFjZTAwMSIsImlhdCI6MTc3ODcxOTQxNywiZXhwIjoxNzc4ODE5NDE3fQ.iSGq_e4ZeucM1vQO4h3RBnZ2Oh4YxFeUe27urdbUWm91XrokvhKzF61S9Byhv7HCX_zpCRE2Uww-lyFib_DKLQ
2026-05-14 00:46:04 [http-nio-8080-exec-5] INFO  UserActivity - Authorization header found: Bearer eyJhbGciOiJIUzUxMiJ9.eyJzdWIiOiJsZW9zcGFjZTAwMSIsImlhdCI6MTc3ODcxOTQxNywiZXhwIjoxNzc4ODE5NDE3fQ.iSGq_e4ZeucM1vQO4h3RBnZ2Oh4YxFeUe27urdbUWm91XrokvhKzF61S9Byhv7HCX_zpCRE2Uww-lyFib_DKLQ
2026-05-14 00:46:04 [http-nio-8080-exec-5] WARN  o.s.w.s.m.s.DefaultHandlerExceptionResolver - Resolved [org.springframework.web.HttpRequestMethodNotSupportedException: Request method 'GET' is not supported]
2026-05-14 00:46:05 [http-nio-8080-exec-6] INFO  UserActivity - Authorization header found: Bearer eyJhbGciOiJIUzUxMiJ9.eyJzdWIiOiJsZW9zcGFjZTAwMSIsImlhdCI6MTc3ODcxOTQxNywiZXhwIjoxNzc4ODE5NDE3fQ.iSGq_e4ZeucM1vQO4h3RBnZ2Oh4YxFeUe27urdbUWm91XrokvhKzF61S9Byhv7HCX_zpCRE2Uww-lyFib_DKLQ
2026-05-14 00:46:05 [http-nio-8080-exec-6] WARN  o.s.w.s.m.s.DefaultHandlerExceptionResolver - Resolved [org.springframework.web.HttpRequestMethodNotSupportedException: Request method 'GET' is not supported]
2026-05-14 00:46:17 [http-nio-8080-exec-7] INFO  UserActivity - Authorization header found: Bearer eyJhbGciOiJIUzUxMiJ9.eyJzdWIiOiJsZW9zcGFjZTAwMSIsImlhdCI6MTc3ODcxOTQxNywiZXhwIjoxNzc4ODE5NDE3fQ.iSGq_e4ZeucM1vQO4h3RBnZ2Oh4YxFeUe27urdbUWm91XrokvhKzF61S9Byhv7HCX_zpCRE2Uww-lyFib_DKLQ
2026-05-14 00:46:17 [http-nio-8080-exec-7] WARN  o.s.w.s.m.s.DefaultHandlerExceptionResolver - Resolved [org.springframework.web.HttpRequestMethodNotSupportedException: Request method 'GET' is not supported]
2026-05-14 00:46:26 [http-nio-8080-exec-8] INFO  UserActivity - Authorization header found: Bearer eyJhbGciOiJIUzUxMiJ9.eyJzdWIiOiJsZW9zcGFjZTAwMSIsImlhdCI6MTc3ODcxOTQxNywiZXhwIjoxNzc4ODE5NDE3fQ.iSGq_e4ZeucM1vQO4h3RBnZ2Oh4YxFeUe27urdbUWm91XrokvhKzF61S9Byhv7HCX_zpCRE2Uww-lyFib_DKLQ
2026-05-14 00:49:23 [SpringApplicationShutdownHook] INFO  o.s.o.j.LocalContainerEntityManagerFactoryBean - Closing JPA EntityManagerFactory for persistence unit 'default'
2026-05-14 00:49:23 [SpringApplicationShutdownHook] INFO  com.zaxxer.hikari.HikariDataSource - HikariPool-1 - Shutdown initiated...
2026-05-14 00:49:23 [SpringApplicationShutdownHook] INFO  com.zaxxer.hikari.HikariDataSource - HikariPool-1 - Shutdown completed.
2026-05-14 00:51:28 [main] INFO  com.example.demo.DemoApplication - Starting DemoApplication v0.0.1-SNAPSHOT using Java 17.0.19 with PID 1 (/app/app.jar started by root in /app)
2026-05-14 00:51:28 [main] INFO  com.example.demo.DemoApplication - No active profile set, falling back to 1 default profile: "default"
2026-05-14 00:51:29 [main] INFO  o.s.d.r.c.RepositoryConfigurationDelegate - Bootstrapping Spring Data JPA repositories in DEFAULT mode.
2026-05-14 00:51:29 [main] INFO  o.s.d.r.c.RepositoryConfigurationDelegate - Finished Spring Data repository scanning in 73 ms. Found 3 JPA repository interfaces.
2026-05-14 00:51:29 [main] INFO  o.s.b.w.e.tomcat.TomcatWebServer - Tomcat initialized with port(s): 8080 (http)
2026-05-14 00:51:29 [main] INFO  o.a.coyote.http11.Http11NioProtocol - Initializing ProtocolHandler ["http-nio-8080"]
2026-05-14 00:51:29 [main] INFO  o.a.catalina.core.StandardService - Starting service [Tomcat]
2026-05-14 00:51:29 [main] INFO  o.a.catalina.core.StandardEngine - Starting Servlet engine: [Apache Tomcat/10.1.10]
2026-05-14 00:51:29 [main] INFO  o.a.c.c.C.[Tomcat].[localhost].[/] - Initializing Spring embedded WebApplicationContext
2026-05-14 00:51:29 [main] INFO  o.s.b.w.s.c.ServletWebServerApplicationContext - Root WebApplicationContext: initialization completed in 1726 ms
2026-05-14 00:51:30 [main] INFO  o.h.jpa.internal.util.LogHelper - HHH000204: Processing PersistenceUnitInfo [name: default]
2026-05-14 00:51:30 [main] INFO  org.hibernate.Version - HHH000412: Hibernate ORM core version 6.2.5.Final
2026-05-14 00:51:30 [main] INFO  org.hibernate.cfg.Environment - HHH000406: Using bytecode reflection optimizer
2026-05-14 00:51:30 [main] INFO  o.h.b.i.BytecodeProviderInitiator - HHH000021: Bytecode provider name : bytebuddy
2026-05-14 00:51:30 [main] INFO  o.s.o.j.p.SpringPersistenceUnitInfo - No LoadTimeWeaver setup: ignoring JPA class transformer
2026-05-14 00:51:30 [main] INFO  com.zaxxer.hikari.HikariDataSource - HikariPool-1 - Starting...
2026-05-14 00:51:30 [main] INFO  com.zaxxer.hikari.pool.HikariPool - HikariPool-1 - Added connection org.postgresql.jdbc.PgConnection@7a799159
2026-05-14 00:51:30 [main] INFO  com.zaxxer.hikari.HikariDataSource - HikariPool-1 - Start completed.
2026-05-14 00:51:31 [main] INFO  o.h.b.i.BytecodeProviderInitiator - HHH000021: Bytecode provider name : bytebuddy
2026-05-14 00:51:32 [main] INFO  o.h.e.t.j.p.i.JtaPlatformInitiator - HHH000490: Using JtaPlatform implementation: [org.hibernate.engine.transaction.jta.platform.internal.NoJtaPlatform]
2026-05-14 00:51:32 [main] INFO  o.s.o.j.LocalContainerEntityManagerFactoryBean - Initialized JPA EntityManagerFactory for persistence unit 'default'
2026-05-14 00:51:35 [main] INFO  o.s.d.j.r.query.QueryEnhancerFactory - Hibernate is in classpath; If applicable, HQL parser will be used.
2026-05-14 00:51:36 [main] INFO  o.s.s.web.DefaultSecurityFilterChain - Will secure any request with [org.springframework.security.web.session.DisableEncodeUrlFilter@7de35070, org.springframework.security.web.context.request.async.WebAsyncManagerIntegrationFilter@216f01, org.springframework.security.web.context.SecurityContextHolderFilter@1e734eee, org.springframework.security.web.header.HeaderWriterFilter@4357524b, org.springframework.web.filter.CorsFilter@7c901203, org.springframework.security.web.authentication.logout.LogoutFilter@19ae36f4, com.example.demo.security.SecurityConfig$JsonUsernamePasswordAuthenticationFilter@732f6050, com.example.demo.security.JwtRequestFilter@5115f590, org.springframework.security.web.savedrequest.RequestCacheAwareFilter@2fbd390, org.springframework.security.web.servletapi.SecurityContextHolderAwareRequestFilter@5e68be2, org.springframework.security.web.authentication.AnonymousAuthenticationFilter@1e721583, org.springframework.security.web.session.SessionManagementFilter@64dc86c6, org.springframework.security.web.access.ExceptionTranslationFilter@59d5a6fd, org.springframework.security.web.access.intercept.AuthorizationFilter@55c50f52]
2026-05-14 00:51:37 [main] INFO  o.a.coyote.http11.Http11NioProtocol - Starting ProtocolHandler ["http-nio-8080"]
2026-05-14 00:51:38 [main] INFO  o.s.b.w.e.tomcat.TomcatWebServer - Tomcat started on port(s): 8080 (http) with context path ''
2026-05-14 00:51:38 [main] INFO  com.example.demo.DemoApplication - Started DemoApplication in 10.371 seconds (process running for 11.336)
2026-05-14 00:51:45 [http-nio-8080-exec-6] INFO  o.a.c.c.C.[Tomcat].[localhost].[/] - Initializing Spring DispatcherServlet 'dispatcherServlet'
2026-05-14 00:51:46 [http-nio-8080-exec-6] INFO  o.s.web.servlet.DispatcherServlet - Initializing Servlet 'dispatcherServlet'
2026-05-14 00:51:47 [http-nio-8080-exec-6] INFO  o.s.web.servlet.DispatcherServlet - Completed initialization in 163 ms
2026-05-14 00:51:55 [http-nio-8080-exec-2] INFO  UserActivity - User leospace001 authenticated successfully and accessed /api/employees/1
2026-05-14 00:52:03 [http-nio-8080-exec-9] INFO  UserActivity - User leospace001 authenticated successfully and accessed /api/employees/1
2026-05-14 00:52:07 [http-nio-8080-exec-6] WARN  o.s.c.LocalVariableTableParameterNameDiscoverer - Using deprecated '-debug' fallback for parameter name resolution. Compile the affected code with '-parameters' instead or avoid its introspection: com.example.demo.controller.EmployeeController
2026-05-14 00:52:08 [http-nio-8080-exec-6] WARN  o.s.c.LocalVariableTableParameterNameDiscoverer - Using deprecated '-debug' fallback for parameter name resolution. Compile the affected code with '-parameters' instead or avoid its introspection: com.example.demo.controller.AuthController
2026-05-14 00:52:08 [http-nio-8080-exec-6] WARN  o.s.c.LocalVariableTableParameterNameDiscoverer - Using deprecated '-debug' fallback for parameter name resolution. Compile the affected code with '-parameters' instead or avoid its introspection: com.example.demo.controller.UserRegisterController
2026-05-14 00:52:08 [http-nio-8080-exec-6] WARN  o.s.c.LocalVariableTableParameterNameDiscoverer - Using deprecated '-debug' fallback for parameter name resolution. Compile the affected code with '-parameters' instead or avoid its introspection: com.example.demo.controller.LoginController
2026-05-14 00:52:09 [http-nio-8080-exec-6] INFO  o.s.api.AbstractOpenApiResource - Init duration for springdoc-openapi is: 7173 ms
2026-05-14 00:53:48 [http-nio-8080-exec-3] INFO  UserActivity - User leospace001 authenticated successfully and accessed /api/employees
2026-05-14 00:54:15 [http-nio-8080-exec-6] ERROR o.a.c.c.C.[.[.[.[dispatcherServlet] - Servlet.service() for servlet [dispatcherServlet] in context with path [] threw exception
io.jsonwebtoken.ExpiredJwtException: JWT expired at 2026-05-13T23:59:23Z. Current time: 2026-05-14T00:54:15Z, a difference of 3292239 milliseconds.  Allowed clock skew: 0 milliseconds.
	at io.jsonwebtoken.impl.DefaultJwtParser.parse(DefaultJwtParser.java:427)
	at io.jsonwebtoken.impl.DefaultJwtParser.parse(DefaultJwtParser.java:529)
	at io.jsonwebtoken.impl.DefaultJwtParser.parseClaimsJws(DefaultJwtParser.java:589)
	at io.jsonwebtoken.impl.ImmutableJwtParser.parseClaimsJws(ImmutableJwtParser.java:173)
	at com.example.demo.security.JwtUtil.extractAllClaims(JwtUtil.java:62)
	at com.example.demo.security.JwtUtil.extractClaim(JwtUtil.java:54)
	at com.example.demo.security.JwtUtil.extractUsername(JwtUtil.java:37)
	at com.example.demo.security.JwtRequestFilter.doFilterInternal(JwtRequestFilter.java:55)
	at org.springframework.web.filter.OncePerRequestFilter.doFilter(OncePerRequestFilter.java:116)
	at org.springframework.security.web.FilterChainProxy$VirtualFilterChain.doFilter(FilterChainProxy.java:374)
	at org.springframework.security.web.authentication.AbstractAuthenticationProcessingFilter.doFilter(AbstractAuthenticationProcessingFilter.java:227)
	at org.springframework.security.web.authentication.AbstractAuthenticationProcessingFilter.doFilter(AbstractAuthenticationProcessingFilter.java:221)
	at org.springframework.security.web.FilterChainProxy$VirtualFilterChain.doFilter(FilterChainProxy.java:374)
	at org.springframework.security.web.authentication.logout.LogoutFilter.doFilter(LogoutFilter.java:107)
	at org.springframework.security.web.authentication.logout.LogoutFilter.doFilter(LogoutFilter.java:93)
	at org.springframework.security.web.FilterChainProxy$VirtualFilterChain.doFilter(FilterChainProxy.java:374)
	at org.springframework.web.filter.CorsFilter.doFilterInternal(CorsFilter.java:91)
	at org.springframework.web.filter.OncePerRequestFilter.doFilter(OncePerRequestFilter.java:116)
	at org.springframework.security.web.FilterChainProxy$VirtualFilterChain.doFilter(FilterChainProxy.java:374)
	at org.springframework.security.web.header.HeaderWriterFilter.doHeadersAfter(HeaderWriterFilter.java:90)
	at org.springframework.security.web.header.HeaderWriterFilter.doFilterInternal(HeaderWriterFilter.java:75)
	at org.springframework.web.filter.OncePerRequestFilter.doFilter(OncePerRequestFilter.java:116)
	at org.springframework.security.web.FilterChainProxy$VirtualFilterChain.doFilter(FilterChainProxy.java:374)
	at org.springframework.security.web.context.SecurityContextHolderFilter.doFilter(SecurityContextHolderFilter.java:82)
	at org.springframework.security.web.context.SecurityContextHolderFilter.doFilter(SecurityContextHolderFilter.java:69)
	at org.springframework.security.web.FilterChainProxy$VirtualFilterChain.doFilter(FilterChainProxy.java:374)
	at org.springframework.security.web.context.request.async.WebAsyncManagerIntegrationFilter.doFilterInternal(WebAsyncManagerIntegrationFilter.java:62)
	at org.springframework.web.filter.OncePerRequestFilter.doFilter(OncePerRequestFilter.java:116)
	at org.springframework.security.web.FilterChainProxy$VirtualFilterChain.doFilter(FilterChainProxy.java:374)
	at org.springframework.security.web.session.DisableEncodeUrlFilter.doFilterInternal(DisableEncodeUrlFilter.java:42)
	at org.springframework.web.filter.OncePerRequestFilter.doFilter(OncePerRequestFilter.java:116)
	at org.springframework.security.web.FilterChainProxy$VirtualFilterChain.doFilter(FilterChainProxy.java:374)
	at org.springframework.security.web.FilterChainProxy.doFilterInternal(FilterChainProxy.java:233)
	at org.springframework.security.web.FilterChainProxy.doFilter(FilterChainProxy.java:191)
	at org.springframework.web.filter.DelegatingFilterProxy.invokeDelegate(DelegatingFilterProxy.java:352)
	at org.springframework.web.filter.DelegatingFilterProxy.doFilter(DelegatingFilterProxy.java:268)
	at org.apache.catalina.core.ApplicationFilterChain.internalDoFilter(ApplicationFilterChain.java:174)
	at org.apache.catalina.core.ApplicationFilterChain.doFilter(ApplicationFilterChain.java:149)
	at org.springframework.web.filter.RequestContextFilter.doFilterInternal(RequestContextFilter.java:100)
	at org.springframework.web.filter.OncePerRequestFilter.doFilter(OncePerRequestFilter.java:116)
	at org.apache.catalina.core.ApplicationFilterChain.internalDoFilter(ApplicationFilterChain.java:174)
	at org.apache.catalina.core.ApplicationFilterChain.doFilter(ApplicationFilterChain.java:149)
	at org.springframework.web.filter.FormContentFilter.doFilterInternal(FormContentFilter.java:93)
	at org.springframework.web.filter.OncePerRequestFilter.doFilter(OncePerRequestFilter.java:116)
	at org.apache.catalina.core.ApplicationFilterChain.internalDoFilter(ApplicationFilterChain.java:174)
	at org.apache.catalina.core.ApplicationFilterChain.doFilter(ApplicationFilterChain.java:149)
	at org.springframework.web.filter.CharacterEncodingFilter.doFilterInternal(CharacterEncodingFilter.java:201)
	at org.springframework.web.filter.OncePerRequestFilter.doFilter(OncePerRequestFilter.java:116)
	at org.apache.catalina.core.ApplicationFilterChain.internalDoFilter(ApplicationFilterChain.java:174)
	at org.apache.catalina.core.ApplicationFilterChain.doFilter(ApplicationFilterChain.java:149)
	at org.apache.catalina.core.StandardWrapperValve.invoke(StandardWrapperValve.java:166)
	at org.apache.catalina.core.StandardContextValve.invoke(StandardContextValve.java:90)
	at org.apache.catalina.authenticator.AuthenticatorBase.invoke(AuthenticatorBase.java:482)
	at org.apache.catalina.core.StandardHostValve.invoke(StandardHostValve.java:115)
	at org.apache.catalina.valves.ErrorReportValve.invoke(ErrorReportValve.java:93)
	at org.apache.catalina.core.StandardEngineValve.invoke(StandardEngineValve.java:74)
	at org.apache.catalina.connector.CoyoteAdapter.service(CoyoteAdapter.java:341)
	at org.apache.coyote.http11.Http11Processor.service(Http11Processor.java:391)
	at org.apache.coyote.AbstractProcessorLight.process(AbstractProcessorLight.java:63)
	at org.apache.coyote.AbstractProtocol$ConnectionHandler.process(AbstractProtocol.java:894)
	at org.apache.tomcat.util.net.NioEndpoint$SocketProcessor.doRun(NioEndpoint.java:1741)
	at org.apache.tomcat.util.net.SocketProcessorBase.run(SocketProcessorBase.java:52)
	at org.apache.tomcat.util.threads.ThreadPoolExecutor.runWorker(ThreadPoolExecutor.java:1191)
	at org.apache.tomcat.util.threads.ThreadPoolExecutor$Worker.run(ThreadPoolExecutor.java:659)
	at org.apache.tomcat.util.threads.TaskThread$WrappingRunnable.run(TaskThread.java:61)
	at java.base/java.lang.Thread.run(Thread.java:840)
2026-05-14 00:54:15 [http-nio-8080-exec-5] ERROR o.a.c.c.C.[.[.[.[dispatcherServlet] - Servlet.service() for servlet [dispatcherServlet] in context with path [] threw exception
io.jsonwebtoken.ExpiredJwtException: JWT expired at 2026-05-13T23:59:23Z. Current time: 2026-05-14T00:54:15Z, a difference of 3292330 milliseconds.  Allowed clock skew: 0 milliseconds.
	at io.jsonwebtoken.impl.DefaultJwtParser.parse(DefaultJwtParser.java:427)
	at io.jsonwebtoken.impl.DefaultJwtParser.parse(DefaultJwtParser.java:529)
	at io.jsonwebtoken.impl.DefaultJwtParser.parseClaimsJws(DefaultJwtParser.java:589)
	at io.jsonwebtoken.impl.ImmutableJwtParser.parseClaimsJws(ImmutableJwtParser.java:173)
	at com.example.demo.security.JwtUtil.extractAllClaims(JwtUtil.java:62)
	at com.example.demo.security.JwtUtil.extractClaim(JwtUtil.java:54)
	at com.example.demo.security.JwtUtil.extractUsername(JwtUtil.java:37)
	at com.example.demo.security.JwtRequestFilter.doFilterInternal(JwtRequestFilter.java:55)
	at org.springframework.web.filter.OncePerRequestFilter.doFilter(OncePerRequestFilter.java:116)
	at org.springframework.security.web.FilterChainProxy$VirtualFilterChain.doFilter(FilterChainProxy.java:374)
	at org.springframework.security.web.authentication.AbstractAuthenticationProcessingFilter.doFilter(AbstractAuthenticationProcessingFilter.java:227)
	at org.springframework.security.web.authentication.AbstractAuthenticationProcessingFilter.doFilter(AbstractAuthenticationProcessingFilter.java:221)
	at org.springframework.security.web.FilterChainProxy$VirtualFilterChain.doFilter(FilterChainProxy.java:374)
	at org.springframework.security.web.authentication.logout.LogoutFilter.doFilter(LogoutFilter.java:107)
	at org.springframework.security.web.authentication.logout.LogoutFilter.doFilter(LogoutFilter.java:93)
	at org.springframework.security.web.FilterChainProxy$VirtualFilterChain.doFilter(FilterChainProxy.java:374)
	at org.springframework.web.filter.CorsFilter.doFilterInternal(CorsFilter.java:91)
	at org.springframework.web.filter.OncePerRequestFilter.doFilter(OncePerRequestFilter.java:116)
	at org.springframework.security.web.FilterChainProxy$VirtualFilterChain.doFilter(FilterChainProxy.java:374)
	at org.springframework.security.web.header.HeaderWriterFilter.doHeadersAfter(HeaderWriterFilter.java:90)
	at org.springframework.security.web.header.HeaderWriterFilter.doFilterInternal(HeaderWriterFilter.java:75)
	at org.springframework.web.filter.OncePerRequestFilter.doFilter(OncePerRequestFilter.java:116)
	at org.springframework.security.web.FilterChainProxy$VirtualFilterChain.doFilter(FilterChainProxy.java:374)
	at org.springframework.security.web.context.SecurityContextHolderFilter.doFilter(SecurityContextHolderFilter.java:82)
	at org.springframework.security.web.context.SecurityContextHolderFilter.doFilter(SecurityContextHolderFilter.java:69)
	at org.springframework.security.web.FilterChainProxy$VirtualFilterChain.doFilter(FilterChainProxy.java:374)
	at org.springframework.security.web.context.request.async.WebAsyncManagerIntegrationFilter.doFilterInternal(WebAsyncManagerIntegrationFilter.java:62)
	at org.springframework.web.filter.OncePerRequestFilter.doFilter(OncePerRequestFilter.java:116)
	at org.springframework.security.web.FilterChainProxy$VirtualFilterChain.doFilter(FilterChainProxy.java:374)
	at org.springframework.security.web.session.DisableEncodeUrlFilter.doFilterInternal(DisableEncodeUrlFilter.java:42)
	at org.springframework.web.filter.OncePerRequestFilter.doFilter(OncePerRequestFilter.java:116)
	at org.springframework.security.web.FilterChainProxy$VirtualFilterChain.doFilter(FilterChainProxy.java:374)
	at org.springframework.security.web.FilterChainProxy.doFilterInternal(FilterChainProxy.java:233)
	at org.springframework.security.web.FilterChainProxy.doFilter(FilterChainProxy.java:191)
	at org.springframework.web.filter.DelegatingFilterProxy.invokeDelegate(DelegatingFilterProxy.java:352)
	at org.springframework.web.filter.DelegatingFilterProxy.doFilter(DelegatingFilterProxy.java:268)
	at org.apache.catalina.core.ApplicationFilterChain.internalDoFilter(ApplicationFilterChain.java:174)
	at org.apache.catalina.core.ApplicationFilterChain.doFilter(ApplicationFilterChain.java:149)
	at org.springframework.web.filter.RequestContextFilter.doFilterInternal(RequestContextFilter.java:100)
	at org.springframework.web.filter.OncePerRequestFilter.doFilter(OncePerRequestFilter.java:116)
	at org.apache.catalina.core.ApplicationFilterChain.internalDoFilter(ApplicationFilterChain.java:174)
	at org.apache.catalina.core.ApplicationFilterChain.doFilter(ApplicationFilterChain.java:149)
	at org.springframework.web.filter.FormContentFilter.doFilterInternal(FormContentFilter.java:93)
	at org.springframework.web.filter.OncePerRequestFilter.doFilter(OncePerRequestFilter.java:116)
	at org.apache.catalina.core.ApplicationFilterChain.internalDoFilter(ApplicationFilterChain.java:174)
	at org.apache.catalina.core.ApplicationFilterChain.doFilter(ApplicationFilterChain.java:149)
	at org.springframework.web.filter.CharacterEncodingFilter.doFilterInternal(CharacterEncodingFilter.java:201)
	at org.springframework.web.filter.OncePerRequestFilter.doFilter(OncePerRequestFilter.java:116)
	at org.apache.catalina.core.ApplicationFilterChain.internalDoFilter(ApplicationFilterChain.java:174)
	at org.apache.catalina.core.ApplicationFilterChain.doFilter(ApplicationFilterChain.java:149)
	at org.apache.catalina.core.StandardWrapperValve.invoke(StandardWrapperValve.java:166)
	at org.apache.catalina.core.StandardContextValve.invoke(StandardContextValve.java:90)
	at org.apache.catalina.authenticator.AuthenticatorBase.invoke(AuthenticatorBase.java:482)
	at org.apache.catalina.core.StandardHostValve.invoke(StandardHostValve.java:115)
	at org.apache.catalina.valves.ErrorReportValve.invoke(ErrorReportValve.java:93)
	at org.apache.catalina.core.StandardEngineValve.invoke(StandardEngineValve.java:74)
	at org.apache.catalina.connector.CoyoteAdapter.service(CoyoteAdapter.java:341)
	at org.apache.coyote.http11.Http11Processor.service(Http11Processor.java:391)
	at org.apache.coyote.AbstractProcessorLight.process(AbstractProcessorLight.java:63)
	at org.apache.coyote.AbstractProtocol$ConnectionHandler.process(AbstractProtocol.java:894)
	at org.apache.tomcat.util.net.NioEndpoint$SocketProcessor.doRun(NioEndpoint.java:1741)
	at org.apache.tomcat.util.net.SocketProcessorBase.run(SocketProcessorBase.java:52)
	at org.apache.tomcat.util.threads.ThreadPoolExecutor.runWorker(ThreadPoolExecutor.java:1191)
	at org.apache.tomcat.util.threads.ThreadPoolExecutor$Worker.run(ThreadPoolExecutor.java:659)
	at org.apache.tomcat.util.threads.TaskThread$WrappingRunnable.run(TaskThread.java:61)
	at java.base/java.lang.Thread.run(Thread.java:840)
2026-05-14 00:54:59 [http-nio-8080-exec-10] ERROR o.a.c.c.C.[.[.[.[dispatcherServlet] - Servlet.service() for servlet [dispatcherServlet] in context with path [] threw exception
io.jsonwebtoken.ExpiredJwtException: JWT expired at 2026-05-13T23:59:23Z. Current time: 2026-05-14T00:54:59Z, a difference of 3336240 milliseconds.  Allowed clock skew: 0 milliseconds.
	at io.jsonwebtoken.impl.DefaultJwtParser.parse(DefaultJwtParser.java:427)
	at io.jsonwebtoken.impl.DefaultJwtParser.parse(DefaultJwtParser.java:529)
	at io.jsonwebtoken.impl.DefaultJwtParser.parseClaimsJws(DefaultJwtParser.java:589)
	at io.jsonwebtoken.impl.ImmutableJwtParser.parseClaimsJws(ImmutableJwtParser.java:173)
	at com.example.demo.security.JwtUtil.extractAllClaims(JwtUtil.java:62)
	at com.example.demo.security.JwtUtil.extractClaim(JwtUtil.java:54)
	at com.example.demo.security.JwtUtil.extractUsername(JwtUtil.java:37)
	at com.example.demo.security.JwtRequestFilter.doFilterInternal(JwtRequestFilter.java:55)
	at org.springframework.web.filter.OncePerRequestFilter.doFilter(OncePerRequestFilter.java:116)
	at org.springframework.security.web.FilterChainProxy$VirtualFilterChain.doFilter(FilterChainProxy.java:374)
	at org.springframework.security.web.authentication.AbstractAuthenticationProcessingFilter.doFilter(AbstractAuthenticationProcessingFilter.java:227)
	at org.springframework.security.web.authentication.AbstractAuthenticationProcessingFilter.doFilter(AbstractAuthenticationProcessingFilter.java:221)
	at org.springframework.security.web.FilterChainProxy$VirtualFilterChain.doFilter(FilterChainProxy.java:374)
	at org.springframework.security.web.authentication.logout.LogoutFilter.doFilter(LogoutFilter.java:107)
	at org.springframework.security.web.authentication.logout.LogoutFilter.doFilter(LogoutFilter.java:93)
	at org.springframework.security.web.FilterChainProxy$VirtualFilterChain.doFilter(FilterChainProxy.java:374)
	at org.springframework.web.filter.CorsFilter.doFilterInternal(CorsFilter.java:91)
	at org.springframework.web.filter.OncePerRequestFilter.doFilter(OncePerRequestFilter.java:116)
	at org.springframework.security.web.FilterChainProxy$VirtualFilterChain.doFilter(FilterChainProxy.java:374)
	at org.springframework.security.web.header.HeaderWriterFilter.doHeadersAfter(HeaderWriterFilter.java:90)
	at org.springframework.security.web.header.HeaderWriterFilter.doFilterInternal(HeaderWriterFilter.java:75)
	at org.springframework.web.filter.OncePerRequestFilter.doFilter(OncePerRequestFilter.java:116)
	at org.springframework.security.web.FilterChainProxy$VirtualFilterChain.doFilter(FilterChainProxy.java:374)
	at org.springframework.security.web.context.SecurityContextHolderFilter.doFilter(SecurityContextHolderFilter.java:82)
	at org.springframework.security.web.context.SecurityContextHolderFilter.doFilter(SecurityContextHolderFilter.java:69)
	at org.springframework.security.web.FilterChainProxy$VirtualFilterChain.doFilter(FilterChainProxy.java:374)
	at org.springframework.security.web.context.request.async.WebAsyncManagerIntegrationFilter.doFilterInternal(WebAsyncManagerIntegrationFilter.java:62)
	at org.springframework.web.filter.OncePerRequestFilter.doFilter(OncePerRequestFilter.java:116)
	at org.springframework.security.web.FilterChainProxy$VirtualFilterChain.doFilter(FilterChainProxy.java:374)
	at org.springframework.security.web.session.DisableEncodeUrlFilter.doFilterInternal(DisableEncodeUrlFilter.java:42)
	at org.springframework.web.filter.OncePerRequestFilter.doFilter(OncePerRequestFilter.java:116)
	at org.springframework.security.web.FilterChainProxy$VirtualFilterChain.doFilter(FilterChainProxy.java:374)
	at org.springframework.security.web.FilterChainProxy.doFilterInternal(FilterChainProxy.java:233)
	at org.springframework.security.web.FilterChainProxy.doFilter(FilterChainProxy.java:191)
	at org.springframework.web.filter.DelegatingFilterProxy.invokeDelegate(DelegatingFilterProxy.java:352)
	at org.springframework.web.filter.DelegatingFilterProxy.doFilter(DelegatingFilterProxy.java:268)
	at org.apache.catalina.core.ApplicationFilterChain.internalDoFilter(ApplicationFilterChain.java:174)
	at org.apache.catalina.core.ApplicationFilterChain.doFilter(ApplicationFilterChain.java:149)
	at org.springframework.web.filter.RequestContextFilter.doFilterInternal(RequestContextFilter.java:100)
	at org.springframework.web.filter.OncePerRequestFilter.doFilter(OncePerRequestFilter.java:116)
	at org.apache.catalina.core.ApplicationFilterChain.internalDoFilter(ApplicationFilterChain.java:174)
	at org.apache.catalina.core.ApplicationFilterChain.doFilter(ApplicationFilterChain.java:149)
	at org.springframework.web.filter.FormContentFilter.doFilterInternal(FormContentFilter.java:93)
	at org.springframework.web.filter.OncePerRequestFilter.doFilter(OncePerRequestFilter.java:116)
	at org.apache.catalina.core.ApplicationFilterChain.internalDoFilter(ApplicationFilterChain.java:174)
	at org.apache.catalina.core.ApplicationFilterChain.doFilter(ApplicationFilterChain.java:149)
	at org.springframework.web.filter.CharacterEncodingFilter.doFilterInternal(CharacterEncodingFilter.java:201)
	at org.springframework.web.filter.OncePerRequestFilter.doFilter(OncePerRequestFilter.java:116)
	at org.apache.catalina.core.ApplicationFilterChain.internalDoFilter(ApplicationFilterChain.java:174)
	at org.apache.catalina.core.ApplicationFilterChain.doFilter(ApplicationFilterChain.java:149)
	at org.apache.catalina.core.StandardWrapperValve.invoke(StandardWrapperValve.java:166)
	at org.apache.catalina.core.StandardContextValve.invoke(StandardContextValve.java:90)
	at org.apache.catalina.authenticator.AuthenticatorBase.invoke(AuthenticatorBase.java:482)
	at org.apache.catalina.core.StandardHostValve.invoke(StandardHostValve.java:115)
	at org.apache.catalina.valves.ErrorReportValve.invoke(ErrorReportValve.java:93)
	at org.apache.catalina.core.StandardEngineValve.invoke(StandardEngineValve.java:74)
	at org.apache.catalina.connector.CoyoteAdapter.service(CoyoteAdapter.java:341)
	at org.apache.coyote.http11.Http11Processor.service(Http11Processor.java:391)
	at org.apache.coyote.AbstractProcessorLight.process(AbstractProcessorLight.java:63)
	at org.apache.coyote.AbstractProtocol$ConnectionHandler.process(AbstractProtocol.java:894)
	at org.apache.tomcat.util.net.NioEndpoint$SocketProcessor.doRun(NioEndpoint.java:1741)
	at org.apache.tomcat.util.net.SocketProcessorBase.run(SocketProcessorBase.java:52)
	at org.apache.tomcat.util.threads.ThreadPoolExecutor.runWorker(ThreadPoolExecutor.java:1191)
	at org.apache.tomcat.util.threads.ThreadPoolExecutor$Worker.run(ThreadPoolExecutor.java:659)
	at org.apache.tomcat.util.threads.TaskThread$WrappingRunnable.run(TaskThread.java:61)
	at java.base/java.lang.Thread.run(Thread.java:840)
2026-05-14 00:55:16 [http-nio-8080-exec-8] INFO  UserActivity - leospace001 logged in successfully: 
2026-05-14 00:55:22 [http-nio-8080-exec-6] INFO  UserActivity - User leospace001 authenticated successfully and accessed /me
2026-05-14 00:55:22 [http-nio-8080-exec-5] INFO  UserActivity - User leospace001 authenticated successfully and accessed /me
2026-05-14 00:58:00 [http-nio-8080-exec-7] INFO  UserActivity - User leospace001 authenticated successfully and accessed /me
2026-05-14 00:58:02 [http-nio-8080-exec-8] INFO  UserActivity - User leospace001 authenticated successfully and accessed /me
2026-05-14 00:58:02 [http-nio-8080-exec-3] INFO  UserActivity - User leospace001 authenticated successfully and accessed /me
2026-05-14 00:58:47 [http-nio-8080-exec-9] INFO  UserActivity - User leospace001 authenticated successfully and accessed /api/employees/1
2026-05-14 00:59:00 [http-nio-8080-exec-5] INFO  UserActivity - User leospace001 authenticated successfully and accessed /api/employees/1
2026-05-14 00:59:05 [http-nio-8080-exec-4] INFO  UserActivity - User leospace001 authenticated successfully and accessed /api/employees/1
2026-05-14 00:59:05 [http-nio-8080-exec-1] INFO  UserActivity - User leospace001 authenticated successfully and accessed /api/employees/1
2026-05-14 00:59:13 [http-nio-8080-exec-7] INFO  UserActivity - User leospace001 authenticated successfully and accessed /api/employees/1
2026-05-14 00:59:16 [http-nio-8080-exec-8] INFO  UserActivity - User leospace001 authenticated successfully and accessed /api/employees/1
2026-05-14 00:59:16 [http-nio-8080-exec-3] INFO  UserActivity - User leospace001 authenticated successfully and accessed /api/employees/1
2026-05-14 01:00:00 [http-nio-8080-exec-6] INFO  UserActivity - User leospace001 authenticated successfully and accessed /api/employees/1
2026-05-14 01:00:00 [http-nio-8080-exec-5] INFO  UserActivity - User leospace001 authenticated successfully and accessed /api/employees/1
2026-05-14 01:00:19 [http-nio-8080-exec-1] INFO  UserActivity - leospace001 logged in successfully: 
2026-05-14 01:00:23 [http-nio-8080-exec-8] INFO  UserActivity - User leospace001 authenticated successfully and accessed /api/employees/1
2026-05-14 01:00:23 [http-nio-8080-exec-3] INFO  UserActivity - User leospace001 authenticated successfully and accessed /api/employees/1
2026-05-14 01:02:24 [http-nio-8080-exec-5] INFO  UserActivity - User leospace001 authenticated successfully and accessed /api/employees/2
2026-05-14 01:08:52 [SpringApplicationShutdownHook] INFO  o.s.o.j.LocalContainerEntityManagerFactoryBean - Closing JPA EntityManagerFactory for persistence unit 'default'
2026-05-14 01:08:52 [SpringApplicationShutdownHook] INFO  com.zaxxer.hikari.HikariDataSource - HikariPool-1 - Shutdown initiated...
2026-05-14 01:08:52 [SpringApplicationShutdownHook] INFO  com.zaxxer.hikari.HikariDataSource - HikariPool-1 - Shutdown completed.
2026-05-14 01:12:56 [main] INFO  com.example.demo.DemoApplication - Starting DemoApplication v0.0.1-SNAPSHOT using Java 17.0.19 with PID 1 (/app/app.jar started by root in /app)
2026-05-14 01:12:56 [main] INFO  com.example.demo.DemoApplication - No active profile set, falling back to 1 default profile: "default"
2026-05-14 01:12:56 [main] INFO  o.s.d.r.c.RepositoryConfigurationDelegate - Bootstrapping Spring Data JPA repositories in DEFAULT mode.
2026-05-14 01:12:57 [main] INFO  o.s.d.r.c.RepositoryConfigurationDelegate - Finished Spring Data repository scanning in 78 ms. Found 3 JPA repository interfaces.
2026-05-14 01:12:57 [main] INFO  o.s.b.w.e.tomcat.TomcatWebServer - Tomcat initialized with port(s): 8080 (http)
2026-05-14 01:12:57 [main] INFO  o.a.coyote.http11.Http11NioProtocol - Initializing ProtocolHandler ["http-nio-8080"]
2026-05-14 01:12:57 [main] INFO  o.a.catalina.core.StandardService - Starting service [Tomcat]
2026-05-14 01:12:57 [main] INFO  o.a.catalina.core.StandardEngine - Starting Servlet engine: [Apache Tomcat/10.1.10]
2026-05-14 01:12:57 [main] INFO  o.a.c.c.C.[Tomcat].[localhost].[/] - Initializing Spring embedded WebApplicationContext
2026-05-14 01:12:57 [main] INFO  o.s.b.w.s.c.ServletWebServerApplicationContext - Root WebApplicationContext: initialization completed in 1785 ms
2026-05-14 01:12:58 [main] INFO  o.h.jpa.internal.util.LogHelper - HHH000204: Processing PersistenceUnitInfo [name: default]
2026-05-14 01:12:58 [main] INFO  org.hibernate.Version - HHH000412: Hibernate ORM core version 6.2.5.Final
2026-05-14 01:12:58 [main] INFO  org.hibernate.cfg.Environment - HHH000406: Using bytecode reflection optimizer
2026-05-14 01:12:58 [main] INFO  o.h.b.i.BytecodeProviderInitiator - HHH000021: Bytecode provider name : bytebuddy
2026-05-14 01:12:58 [main] INFO  o.s.o.j.p.SpringPersistenceUnitInfo - No LoadTimeWeaver setup: ignoring JPA class transformer
2026-05-14 01:12:58 [main] INFO  com.zaxxer.hikari.HikariDataSource - HikariPool-1 - Starting...
2026-05-14 01:12:58 [main] INFO  com.zaxxer.hikari.pool.HikariPool - HikariPool-1 - Added connection org.postgresql.jdbc.PgConnection@40ab8a8
2026-05-14 01:12:58 [main] INFO  com.zaxxer.hikari.HikariDataSource - HikariPool-1 - Start completed.
2026-05-14 01:12:59 [main] INFO  o.h.b.i.BytecodeProviderInitiator - HHH000021: Bytecode provider name : bytebuddy
2026-05-14 01:12:59 [main] INFO  o.h.e.t.j.p.i.JtaPlatformInitiator - HHH000490: Using JtaPlatform implementation: [org.hibernate.engine.transaction.jta.platform.internal.NoJtaPlatform]
2026-05-14 01:13:00 [main] INFO  o.s.o.j.LocalContainerEntityManagerFactoryBean - Initialized JPA EntityManagerFactory for persistence unit 'default'
2026-05-14 01:13:01 [main] INFO  o.s.d.j.r.query.QueryEnhancerFactory - Hibernate is in classpath; If applicable, HQL parser will be used.
2026-05-14 01:13:21 [main] INFO  o.s.s.web.DefaultSecurityFilterChain - Will secure any request with [org.springframework.security.web.session.DisableEncodeUrlFilter@4044589a, org.springframework.security.web.context.request.async.WebAsyncManagerIntegrationFilter@7de35070, org.springframework.security.web.context.SecurityContextHolderFilter@5f3b84bd, org.springframework.security.web.header.HeaderWriterFilter@27bcb4ad, org.springframework.web.filter.CorsFilter@216f01, org.springframework.security.web.authentication.logout.LogoutFilter@69a373fd, com.example.demo.security.SecurityConfig$JsonUsernamePasswordAuthenticationFilter@30c4e352, com.example.demo.security.JwtRequestFilter@11e355ca, org.springframework.security.web.savedrequest.RequestCacheAwareFilter@1e191150, org.springframework.security.web.servletapi.SecurityContextHolderAwareRequestFilter@166b11e, org.springframework.security.web.authentication.AnonymousAuthenticationFilter@7c901203, org.springframework.security.web.session.SessionManagementFilter@104a287c, org.springframework.security.web.access.ExceptionTranslationFilter@1ae924f1, org.springframework.security.web.access.intercept.AuthorizationFilter@53cddaf8]
2026-05-14 01:13:34 [main] INFO  o.a.coyote.http11.Http11NioProtocol - Starting ProtocolHandler ["http-nio-8080"]
2026-05-14 01:13:34 [main] INFO  o.s.b.w.e.tomcat.TomcatWebServer - Tomcat started on port(s): 8080 (http) with context path ''
2026-05-14 01:13:34 [main] INFO  com.example.demo.DemoApplication - Started DemoApplication in 38.504 seconds (process running for 39.458)
2026-05-14 01:13:35 [http-nio-8080-exec-1] INFO  o.a.c.c.C.[Tomcat].[localhost].[/] - Initializing Spring DispatcherServlet 'dispatcherServlet'
2026-05-14 01:13:35 [http-nio-8080-exec-1] INFO  o.s.web.servlet.DispatcherServlet - Initializing Servlet 'dispatcherServlet'
2026-05-14 01:13:35 [http-nio-8080-exec-1] INFO  o.s.web.servlet.DispatcherServlet - Completed initialization in 1 ms
2026-05-14 01:13:35 [http-nio-8080-exec-9] WARN  o.s.c.LocalVariableTableParameterNameDiscoverer - Using deprecated '-debug' fallback for parameter name resolution. Compile the affected code with '-parameters' instead or avoid its introspection: com.example.demo.controller.EmployeeController
2026-05-14 01:13:35 [http-nio-8080-exec-9] WARN  o.s.c.LocalVariableTableParameterNameDiscoverer - Using deprecated '-debug' fallback for parameter name resolution. Compile the affected code with '-parameters' instead or avoid its introspection: com.example.demo.controller.AuthController
2026-05-14 01:13:35 [http-nio-8080-exec-9] WARN  o.s.c.LocalVariableTableParameterNameDiscoverer - Using deprecated '-debug' fallback for parameter name resolution. Compile the affected code with '-parameters' instead or avoid its introspection: com.example.demo.controller.UserRegisterController
2026-05-14 01:13:35 [http-nio-8080-exec-9] WARN  o.s.c.LocalVariableTableParameterNameDiscoverer - Using deprecated '-debug' fallback for parameter name resolution. Compile the affected code with '-parameters' instead or avoid its introspection: com.example.demo.controller.LoginController
2026-05-14 01:13:35 [http-nio-8080-exec-9] INFO  o.s.api.AbstractOpenApiResource - Init duration for springdoc-openapi is: 451 ms
2026-05-14 01:15:20 [http-nio-8080-exec-7] INFO  UserActivity - User leospace001 authenticated successfully and accessed /api/employees/1
2026-05-14 01:15:20 [http-nio-8080-exec-9] INFO  UserActivity - User leospace001 authenticated successfully and accessed /api/employees/1
2026-05-14 01:16:06 [http-nio-8080-exec-2] INFO  UserActivity - leospace001 logged in successfully: 
2026-05-14 01:17:01 [http-nio-8080-exec-4] INFO  UserActivity - User leospace001 authenticated successfully and accessed /api/employees/leospace001
2026-05-14 01:17:01 [http-nio-8080-exec-4] WARN  o.s.w.s.m.s.DefaultHandlerExceptionResolver - Resolved [org.springframework.web.method.annotation.MethodArgumentTypeMismatchException: Failed to convert value of type 'java.lang.String' to required type 'java.lang.Long'; For input string: "leospace001"]
2026-05-14 01:17:02 [http-nio-8080-exec-8] INFO  UserActivity - User leospace001 authenticated successfully and accessed /api/employees/leospace001
2026-05-14 01:17:02 [http-nio-8080-exec-8] WARN  o.s.w.s.m.s.DefaultHandlerExceptionResolver - Resolved [org.springframework.web.method.annotation.MethodArgumentTypeMismatchException: Failed to convert value of type 'java.lang.String' to required type 'java.lang.Long'; For input string: "leospace001"]
2026-05-14 01:17:23 [http-nio-8080-exec-7] INFO  UserActivity - User leospace001 authenticated successfully and accessed /api/employees/leospace001
2026-05-14 01:17:23 [http-nio-8080-exec-7] WARN  o.s.w.s.m.s.DefaultHandlerExceptionResolver - Resolved [org.springframework.web.method.annotation.MethodArgumentTypeMismatchException: Failed to convert value of type 'java.lang.String' to required type 'java.lang.Long'; For input string: "leospace001"]
2026-05-14 01:17:26 [http-nio-8080-exec-9] INFO  UserActivity - User leospace001 authenticated successfully and accessed /api/employees/leospace001
2026-05-14 01:17:26 [http-nio-8080-exec-9] WARN  o.s.w.s.m.s.DefaultHandlerExceptionResolver - Resolved [org.springframework.web.method.annotation.MethodArgumentTypeMismatchException: Failed to convert value of type 'java.lang.String' to required type 'java.lang.Long'; For input string: "leospace001"]
2026-05-14 01:17:26 [http-nio-8080-exec-10] INFO  UserActivity - User leospace001 authenticated successfully and accessed /api/employees/leospace001
2026-05-14 01:17:26 [http-nio-8080-exec-10] WARN  o.s.w.s.m.s.DefaultHandlerExceptionResolver - Resolved [org.springframework.web.method.annotation.MethodArgumentTypeMismatchException: Failed to convert value of type 'java.lang.String' to required type 'java.lang.Long'; For input string: "leospace001"]
2026-05-14 01:17:43 [http-nio-8080-exec-5] INFO  UserActivity - User leospace001 authenticated successfully and accessed /api/employees/1
2026-05-14 01:18:24 [http-nio-8080-exec-3] INFO  UserActivity - User leospace001 authenticated successfully and accessed /api/employees/1
2026-05-14 01:18:32 [http-nio-8080-exec-6] INFO  UserActivity - User leospace001 authenticated successfully and accessed /api/employees/1
2026-05-14 01:18:33 [http-nio-8080-exec-7] INFO  UserActivity - User leospace001 authenticated successfully and accessed /api/employees/1
2026-05-14 01:18:53 [http-nio-8080-exec-10] INFO  UserActivity - User leospace001 authenticated successfully and accessed /api/employees/1
2026-05-14 01:18:58 [http-nio-8080-exec-2] INFO  UserActivity - User leospace001 authenticated successfully and accessed /api/employees/1
2026-05-14 01:19:07 [http-nio-8080-exec-1] INFO  UserActivity - User leospace001 authenticated successfully and accessed /api/employees/1
2026-05-14 01:20:04 [http-nio-8080-exec-4] INFO  UserActivity - User leospace001 authenticated successfully and accessed /api/users/leospace001
2026-05-14 01:20:32 [http-nio-8080-exec-9] INFO  UserActivity - User leospace001 authenticated successfully and accessed /api/users/leospace001
2026-05-14 01:20:44 [http-nio-8080-exec-2] INFO  UserActivity - User leospace001 authenticated successfully and accessed /api/users/leospace001
2026-05-14 01:20:49 [http-nio-8080-exec-5] INFO  UserActivity - User leospace001 authenticated successfully and accessed /api/users/leospace001
2026-05-14 01:20:50 [http-nio-8080-exec-3] INFO  UserActivity - User leospace001 authenticated successfully and accessed /api/users/leospace001
2026-05-14 01:22:08 [http-nio-8080-exec-6] INFO  UserActivity - User leospace001 authenticated successfully and accessed /api/users/leospace001
2026-05-14 01:22:09 [http-nio-8080-exec-7] INFO  UserActivity - User leospace001 authenticated successfully and accessed /api/users/leospace001
2026-05-14 01:22:50 [http-nio-8080-exec-2] INFO  UserActivity - User leospace001 authenticated successfully and accessed /api/users/leospace001
2026-05-14 01:22:50 [http-nio-8080-exec-5] INFO  UserActivity - User leospace001 authenticated successfully and accessed /api/users/leospace001
2026-05-14 01:23:35 [http-nio-8080-exec-4] INFO  UserActivity - User leospace001 authenticated successfully and accessed /api/users/leospace001
2026-05-14 01:23:35 [http-nio-8080-exec-8] INFO  UserActivity - User leospace001 authenticated successfully and accessed /api/users/leospace001
2026-05-14 01:24:39 [http-nio-8080-exec-10] INFO  UserActivity - User leospace001 authenticated successfully and accessed /api/users/leospace001
2026-05-14 01:24:50 [http-nio-8080-exec-5] INFO  UserActivity - User leospace001 authenticated successfully and accessed /api/users/leospace001
2026-05-14 01:25:22 [http-nio-8080-exec-1] INFO  UserActivity - User leospace001 authenticated successfully and accessed /api/users/leospace001
2026-05-14 01:25:28 [http-nio-8080-exec-8] INFO  UserActivity - User leospace001 authenticated successfully and accessed /api/users/leospace001
2026-05-14 01:25:28 [http-nio-8080-exec-7] INFO  UserActivity - User leospace001 authenticated successfully and accessed /api/users/leospace001
2026-05-14 01:25:53 [http-nio-8080-exec-9] INFO  UserActivity - User leospace001 authenticated successfully and accessed /api/users/leospace001
2026-05-14 01:25:59 [http-nio-8080-exec-2] INFO  UserActivity - User leospace001 authenticated successfully and accessed /api/users/leospace001
2026-05-14 01:26:13 [http-nio-8080-exec-3] INFO  UserActivity - User leospace001 authenticated successfully and accessed /api/users/leospace001
2026-05-14 01:26:14 [http-nio-8080-exec-1] INFO  UserActivity - User leospace001 authenticated successfully and accessed /api/users/leospace001
2026-05-14 01:26:25 [http-nio-8080-exec-8] INFO  UserActivity - User leospace001 authenticated successfully and accessed /api/users/leospace001
2026-05-14 01:26:29 [http-nio-8080-exec-7] INFO  UserActivity - User leospace001 authenticated successfully and accessed /api/users/leospace001
2026-05-14 01:26:30 [http-nio-8080-exec-6] INFO  UserActivity - User leospace001 authenticated successfully and accessed /api/users/leospace001
2026-05-14 01:26:55 [http-nio-8080-exec-2] INFO  UserActivity - User leospace001 authenticated successfully and accessed /api/users/leospace001
2026-05-14 01:26:55 [http-nio-8080-exec-5] INFO  UserActivity - User leospace001 authenticated successfully and accessed /api/users/leospace001
2026-05-14 01:26:55 [http-nio-8080-exec-3] INFO  UserActivity - User leospace001 authenticated successfully and accessed /api/users/leospace001
2026-05-14 01:27:15 [http-nio-8080-exec-4] INFO  UserActivity - User leospace001 authenticated successfully and accessed /api/users/leospace001
2026-05-14 01:27:21 [http-nio-8080-exec-7] INFO  UserActivity - User leospace001 authenticated successfully and accessed /api/users/leospace001
2026-05-14 01:27:22 [http-nio-8080-exec-6] INFO  UserActivity - User leospace001 authenticated successfully and accessed /api/users/leospace001
2026-05-14 01:27:26 [http-nio-8080-exec-9] INFO  UserActivity - User leospace001 authenticated successfully and accessed /api/users/leospace001
2026-05-14 01:27:38 [http-nio-8080-exec-2] INFO  UserActivity - User leospace001 authenticated successfully and accessed /api/users/leospace001
2026-05-14 01:27:45 [http-nio-8080-exec-3] INFO  UserActivity - User leospace001 authenticated successfully and accessed /api/users/leospace001
2026-05-14 01:27:46 [http-nio-8080-exec-1] INFO  UserActivity - User leospace001 authenticated successfully and accessed /api/users/leospace001
2026-05-14 01:28:01 [http-nio-8080-exec-7] INFO  UserActivity - User leospace001 authenticated successfully and accessed /api/users/leospace001
2026-05-14 01:28:17 [http-nio-8080-exec-9] INFO  UserActivity - User leospace001 authenticated successfully and accessed /api/users/leospace001
2026-05-14 01:28:42 [http-nio-8080-exec-5] INFO  UserActivity - User leospace001 authenticated successfully and accessed /api/users/leospace001
2026-05-14 01:28:42 [http-nio-8080-exec-3] INFO  UserActivity - User leospace001 authenticated successfully and accessed /api/users/leospace001
2026-05-14 01:28:57 [http-nio-8080-exec-4] INFO  UserActivity - User leospace001 authenticated successfully and accessed /api/users/leospace001
2026-05-14 01:29:00 [http-nio-8080-exec-8] INFO  UserActivity - User leospace001 authenticated successfully and accessed /api/users/leospace001
2026-05-14 01:29:00 [http-nio-8080-exec-7] INFO  UserActivity - User leospace001 authenticated successfully and accessed /api/users/leospace001
2026-05-14 01:29:01 [http-nio-8080-exec-6] INFO  UserActivity - User leospace001 authenticated successfully and accessed /api/users/leospace001
2026-05-14 01:29:01 [http-nio-8080-exec-9] INFO  UserActivity - User leospace001 authenticated successfully and accessed /api/users/leospace001
2026-05-14 01:29:09 [http-nio-8080-exec-2] INFO  UserActivity - User leospace001 authenticated successfully and accessed /api/users/leospace001
2026-05-14 01:29:12 [http-nio-8080-exec-5] INFO  UserActivity - User leospace001 authenticated successfully and accessed /api/users/leospace001
2026-05-14 01:29:12 [http-nio-8080-exec-3] INFO  UserActivity - User leospace001 authenticated successfully and accessed /api/users/leospace001
2026-05-14 01:29:40 [http-nio-8080-exec-4] INFO  UserActivity - User leospace001 authenticated successfully and accessed /api/users/leospace001
2026-05-14 01:29:42 [http-nio-8080-exec-8] INFO  UserActivity - User leospace001 authenticated successfully and accessed /api/users/leospace001
2026-05-14 01:29:42 [http-nio-8080-exec-7] INFO  UserActivity - User leospace001 authenticated successfully and accessed /api/users/leospace001
2026-05-14 01:29:44 [http-nio-8080-exec-6] INFO  UserActivity - User leospace001 authenticated successfully and accessed /api/users/leospace001
2026-05-14 01:29:45 [http-nio-8080-exec-9] INFO  UserActivity - User leospace001 authenticated successfully and accessed /api/users/leospace001
2026-05-14 01:29:52 [http-nio-8080-exec-2] INFO  UserActivity - User leospace001 authenticated successfully and accessed /api/users/leospace001
2026-05-14 01:29:54 [http-nio-8080-exec-5] INFO  UserActivity - User leospace001 authenticated successfully and accessed /api/users/leospace001
2026-05-14 01:29:54 [http-nio-8080-exec-3] INFO  UserActivity - User leospace001 authenticated successfully and accessed /api/users/leospace001
2026-05-14 01:30:30 [http-nio-8080-exec-4] INFO  UserActivity - User leospace001 authenticated successfully and accessed /api/users/leospace001
2026-05-14 01:31:11 [http-nio-8080-exec-6] INFO  UserActivity - User leospace001 authenticated successfully and accessed /api/users/leospace001
2026-05-14 01:31:11 [http-nio-8080-exec-9] INFO  UserActivity - User leospace001 authenticated successfully and accessed /api/users/leospace001
2026-05-14 01:31:13 [http-nio-8080-exec-10] INFO  UserActivity - User leospace001 authenticated successfully and accessed /api/users/leospace001
2026-05-14 01:31:13 [http-nio-8080-exec-2] INFO  UserActivity - User leospace001 authenticated successfully and accessed /api/users/leospace001
2026-05-14 01:31:26 [http-nio-8080-exec-3] INFO  UserActivity - User leospace001 authenticated successfully and accessed /api/users/leospace001
2026-05-14 01:31:38 [http-nio-8080-exec-4] INFO  UserActivity - User leospace001 authenticated successfully and accessed /api/users/leospace001
2026-05-14 01:31:39 [http-nio-8080-exec-8] INFO  UserActivity - User leospace001 authenticated successfully and accessed /api/users/leospace001
2026-05-14 01:32:23 [http-nio-8080-exec-10] INFO  UserActivity - User leospace001 authenticated successfully and accessed /api/users/leospace001
2026-05-14 01:32:23 [http-nio-8080-exec-2] INFO  UserActivity - User leospace001 authenticated successfully and accessed /api/users/leospace001
2026-05-14 01:33:30 [http-nio-8080-exec-4] INFO  UserActivity - User leospace001 authenticated successfully and accessed /api/users/leospace001
2026-05-14 01:33:33 [http-nio-8080-exec-8] INFO  UserActivity - User leospace001 authenticated successfully and accessed /api/users/leospace001
2026-05-14 01:33:34 [http-nio-8080-exec-7] INFO  UserActivity - User leospace001 authenticated successfully and accessed /api/users/leospace001
2026-05-14 01:34:51 [http-nio-8080-exec-2] INFO  UserActivity - User leospace001 authenticated successfully and accessed /api/users/leospace001
2026-05-14 01:34:51 [http-nio-8080-exec-3] INFO  UserActivity - User leospace001 authenticated successfully and accessed /api/users/leospace001
2026-05-14 01:34:53 [http-nio-8080-exec-5] INFO  UserActivity - User leospace001 authenticated successfully and accessed /api/users/leospace001
2026-05-14 01:34:53 [http-nio-8080-exec-1] INFO  UserActivity - User leospace001 authenticated successfully and accessed /api/users/leospace001
2026-05-14 01:34:55 [http-nio-8080-exec-4] INFO  UserActivity - User leospace001 authenticated successfully and accessed /api/users/leospace001
2026-05-14 01:34:56 [http-nio-8080-exec-8] INFO  UserActivity - User leospace001 authenticated successfully and accessed /api/users/leospace001
2026-05-14 01:35:12 [http-nio-8080-exec-6] INFO  UserActivity - User leospace001 authenticated successfully and accessed /api/users/leospace001
2026-05-14 01:35:14 [http-nio-8080-exec-10] INFO  UserActivity - User leospace001 authenticated successfully and accessed /api/users/leospace001
2026-05-14 01:35:14 [http-nio-8080-exec-9] INFO  UserActivity - User leospace001 authenticated successfully and accessed /api/users/leospace001
2026-05-14 01:35:23 [http-nio-8080-exec-5] INFO  UserActivity - User leospace001 authenticated successfully and accessed /api/users/leospace001
2026-05-14 01:35:23 [http-nio-8080-exec-1] INFO  UserActivity - User leospace001 authenticated successfully and accessed /api/users/leospace001
2026-05-14 01:35:25 [http-nio-8080-exec-4] INFO  UserActivity - User leospace001 authenticated successfully and accessed /api/users/leospace001
2026-05-14 01:35:25 [http-nio-8080-exec-8] INFO  UserActivity - User leospace001 authenticated successfully and accessed /api/users/leospace001
2026-05-14 01:35:37 [http-nio-8080-exec-10] INFO  UserActivity - User leospace001 authenticated successfully and accessed /api/users/leospace001
2026-05-14 01:35:37 [http-nio-8080-exec-9] INFO  UserActivity - User leospace001 authenticated successfully and accessed /api/users/leospace001
2026-05-14 01:36:03 [http-nio-8080-exec-5] INFO  UserActivity - User leospace001 authenticated successfully and accessed /api/users/leospace001
2026-05-14 01:36:03 [http-nio-8080-exec-1] INFO  UserActivity - User leospace001 authenticated successfully and accessed /api/users/leospace001
2026-05-14 01:36:06 [http-nio-8080-exec-4] INFO  UserActivity - User leospace001 authenticated successfully and accessed /api/users/leospace001
2026-05-14 01:36:06 [http-nio-8080-exec-8] INFO  UserActivity - User leospace001 authenticated successfully and accessed /api/users/leospace001
2026-05-14 01:36:07 [http-nio-8080-exec-6] INFO  UserActivity - User leospace001 authenticated successfully and accessed /api/users/leospace001
2026-05-14 01:36:08 [http-nio-8080-exec-7] INFO  UserActivity - User leospace001 authenticated successfully and accessed /api/users/leospace001
2026-05-14 01:36:31 [http-nio-8080-exec-9] INFO  UserActivity - User leospace001 authenticated successfully and accessed /api/users/leospace001
2026-05-14 01:36:34 [http-nio-8080-exec-2] INFO  UserActivity - User leospace001 authenticated successfully and accessed /api/users/leospace001
2026-05-14 01:36:34 [http-nio-8080-exec-3] INFO  UserActivity - User leospace001 authenticated successfully and accessed /api/users/leospace001
2026-05-14 01:36:37 [http-nio-8080-exec-1] INFO  UserActivity - User leospace001 authenticated successfully and accessed /api/users/leospace001
2026-05-14 01:36:37 [http-nio-8080-exec-4] INFO  UserActivity - User leospace001 authenticated successfully and accessed /api/users/leospace001
2026-05-14 01:36:41 [http-nio-8080-exec-8] INFO  UserActivity - User leospace001 authenticated successfully and accessed /api/users/leospace001
2026-05-14 01:36:41 [http-nio-8080-exec-6] INFO  UserActivity - User leospace001 authenticated successfully and accessed /api/users/leospace001
2026-05-14 01:36:53 [http-nio-8080-exec-10] INFO  UserActivity - User leospace001 authenticated successfully and accessed /api/users/leospace001
2026-05-14 01:37:16 [http-nio-8080-exec-2] INFO  UserActivity - User leospace001 authenticated successfully and accessed /api/users/leospace001
2026-05-14 01:37:16 [http-nio-8080-exec-3] INFO  UserActivity - User leospace001 authenticated successfully and accessed /api/users/leospace001
2026-05-14 01:37:16 [http-nio-8080-exec-5] INFO  UserActivity - User leospace001 authenticated successfully and accessed /api/users/leospace001
2026-05-14 01:37:16 [http-nio-8080-exec-1] INFO  UserActivity - User leospace001 authenticated successfully and accessed /api/users/leospace001
2026-05-14 01:37:16 [http-nio-8080-exec-4] INFO  UserActivity - User leospace001 authenticated successfully and accessed /api/users/leospace001
2026-05-14 01:37:16 [http-nio-8080-exec-8] INFO  UserActivity - User leospace001 authenticated successfully and accessed /api/users/leospace001
2026-05-14 01:37:16 [http-nio-8080-exec-6] INFO  UserActivity - User leospace001 authenticated successfully and accessed /api/users/leospace001
2026-05-14 01:37:16 [http-nio-8080-exec-7] INFO  UserActivity - User leospace001 authenticated successfully and accessed /api/users/leospace001
2026-05-14 01:37:16 [http-nio-8080-exec-10] INFO  UserActivity - User leospace001 authenticated successfully and accessed /api/users/leospace001
2026-05-14 01:37:16 [http-nio-8080-exec-9] INFO  UserActivity - User leospace001 authenticated successfully and accessed /api/users/leospace001
2026-05-14 01:37:16 [http-nio-8080-exec-2] INFO  UserActivity - User leospace001 authenticated successfully and accessed /api/users/leospace001
2026-05-14 01:37:16 [http-nio-8080-exec-3] INFO  UserActivity - User leospace001 authenticated successfully and accessed /api/users/leospace001
2026-05-14 01:37:16 [http-nio-8080-exec-5] INFO  UserActivity - User leospace001 authenticated successfully and accessed /api/users/leospace001
2026-05-14 01:37:17 [http-nio-8080-exec-1] INFO  UserActivity - User leospace001 authenticated successfully and accessed /api/users/leospace001
2026-05-14 01:37:17 [http-nio-8080-exec-4] INFO  UserActivity - User leospace001 authenticated successfully and accessed /api/users/leospace001
2026-05-14 01:37:17 [http-nio-8080-exec-8] INFO  UserActivity - User leospace001 authenticated successfully and accessed /api/users/leospace001
2026-05-14 01:37:17 [http-nio-8080-exec-6] INFO  UserActivity - User leospace001 authenticated successfully and accessed /api/users/leospace001
2026-05-14 01:37:17 [http-nio-8080-exec-7] INFO  UserActivity - User leospace001 authenticated successfully and accessed /api/users/leospace001
2026-05-14 01:37:17 [http-nio-8080-exec-10] INFO  UserActivity - User leospace001 authenticated successfully and accessed /api/users/leospace001
2026-05-14 01:37:17 [http-nio-8080-exec-9] INFO  UserActivity - User leospace001 authenticated successfully and accessed /api/users/leospace001
2026-05-14 01:37:17 [http-nio-8080-exec-2] INFO  UserActivity - User leospace001 authenticated successfully and accessed /api/users/leospace001
2026-05-14 01:37:17 [http-nio-8080-exec-3] INFO  UserActivity - User leospace001 authenticated successfully and accessed /api/users/leospace001
2026-05-14 01:37:17 [http-nio-8080-exec-5] INFO  UserActivity - User leospace001 authenticated successfully and accessed /api/users/leospace001
2026-05-14 01:37:17 [http-nio-8080-exec-1] INFO  UserActivity - User leospace001 authenticated successfully and accessed /api/users/leospace001
2026-05-14 01:37:17 [http-nio-8080-exec-4] INFO  UserActivity - User leospace001 authenticated successfully and accessed /api/users/leospace001
2026-05-14 01:37:17 [http-nio-8080-exec-8] INFO  UserActivity - User leospace001 authenticated successfully and accessed /api/users/leospace001
2026-05-14 01:37:17 [http-nio-8080-exec-6] INFO  UserActivity - User leospace001 authenticated successfully and accessed /api/users/leospace001
2026-05-14 01:37:17 [http-nio-8080-exec-7] INFO  UserActivity - User leospace001 authenticated successfully and accessed /api/users/leospace001
2026-05-14 01:37:17 [http-nio-8080-exec-10] INFO  UserActivity - User leospace001 authenticated successfully and accessed /api/users/leospace001
2026-05-14 01:37:17 [http-nio-8080-exec-9] INFO  UserActivity - User leospace001 authenticated successfully and accessed /api/users/leospace001
2026-05-14 01:37:17 [http-nio-8080-exec-2] INFO  UserActivity - User leospace001 authenticated successfully and accessed /api/users/leospace001
2026-05-14 01:37:17 [http-nio-8080-exec-3] INFO  UserActivity - User leospace001 authenticated successfully and accessed /api/users/leospace001
2026-05-14 01:37:17 [http-nio-8080-exec-5] INFO  UserActivity - User leospace001 authenticated successfully and accessed /api/users/leospace001
2026-05-14 01:37:17 [http-nio-8080-exec-1] INFO  UserActivity - User leospace001 authenticated successfully and accessed /api/users/leospace001
2026-05-14 01:37:17 [http-nio-8080-exec-4] INFO  UserActivity - User leospace001 authenticated successfully and accessed /api/users/leospace001
2026-05-14 01:37:17 [http-nio-8080-exec-8] INFO  UserActivity - User leospace001 authenticated successfully and accessed /api/users/leospace001
2026-05-14 01:37:17 [http-nio-8080-exec-6] INFO  UserActivity - User leospace001 authenticated successfully and accessed /api/users/leospace001
2026-05-14 01:37:17 [http-nio-8080-exec-7] INFO  UserActivity - User leospace001 authenticated successfully and accessed /api/users/leospace001
2026-05-14 01:37:17 [http-nio-8080-exec-10] INFO  UserActivity - User leospace001 authenticated successfully and accessed /api/users/leospace001
2026-05-14 01:37:17 [http-nio-8080-exec-9] INFO  UserActivity - User leospace001 authenticated successfully and accessed /api/users/leospace001
2026-05-14 01:37:17 [http-nio-8080-exec-2] INFO  UserActivity - User leospace001 authenticated successfully and accessed /api/users/leospace001
2026-05-14 01:37:17 [http-nio-8080-exec-3] INFO  UserActivity - User leospace001 authenticated successfully and accessed /api/users/leospace001
2026-05-14 01:37:17 [http-nio-8080-exec-5] INFO  UserActivity - User leospace001 authenticated successfully and accessed /api/users/leospace001
2026-05-14 01:37:17 [http-nio-8080-exec-1] INFO  UserActivity - User leospace001 authenticated successfully and accessed /api/users/leospace001
2026-05-14 01:37:17 [http-nio-8080-exec-4] INFO  UserActivity - User leospace001 authenticated successfully and accessed /api/users/leospace001
2026-05-14 01:37:17 [http-nio-8080-exec-8] INFO  UserActivity - User leospace001 authenticated successfully and accessed /api/users/leospace001
2026-05-14 01:37:17 [http-nio-8080-exec-6] INFO  UserActivity - User leospace001 authenticated successfully and accessed /api/users/leospace001
2026-05-14 01:37:17 [http-nio-8080-exec-7] INFO  UserActivity - User leospace001 authenticated successfully and accessed /api/users/leospace001
2026-05-14 01:37:18 [http-nio-8080-exec-10] INFO  UserActivity - User leospace001 authenticated successfully and accessed /api/users/leospace001
2026-05-14 01:37:18 [http-nio-8080-exec-9] INFO  UserActivity - User leospace001 authenticated successfully and accessed /api/users/leospace001
2026-05-14 01:37:18 [http-nio-8080-exec-2] INFO  UserActivity - User leospace001 authenticated successfully and accessed /api/users/leospace001
2026-05-14 01:37:18 [http-nio-8080-exec-3] INFO  UserActivity - User leospace001 authenticated successfully and accessed /api/users/leospace001
2026-05-14 01:37:18 [http-nio-8080-exec-5] INFO  UserActivity - User leospace001 authenticated successfully and accessed /api/users/leospace001
2026-05-14 01:37:18 [http-nio-8080-exec-1] INFO  UserActivity - User leospace001 authenticated successfully and accessed /api/users/leospace001
2026-05-14 01:37:18 [http-nio-8080-exec-4] INFO  UserActivity - User leospace001 authenticated successfully and accessed /api/users/leospace001
2026-05-14 01:37:18 [http-nio-8080-exec-8] INFO  UserActivity - User leospace001 authenticated successfully and accessed /api/users/leospace001
2026-05-14 01:37:18 [http-nio-8080-exec-6] INFO  UserActivity - User leospace001 authenticated successfully and accessed /api/users/leospace001
2026-05-14 01:37:18 [http-nio-8080-exec-7] INFO  UserActivity - User leospace001 authenticated successfully and accessed /api/users/leospace001
2026-05-14 01:37:18 [http-nio-8080-exec-10] INFO  UserActivity - User leospace001 authenticated successfully and accessed /api/users/leospace001
2026-05-14 01:37:18 [http-nio-8080-exec-9] INFO  UserActivity - User leospace001 authenticated successfully and accessed /api/users/leospace001
2026-05-14 01:37:18 [http-nio-8080-exec-2] INFO  UserActivity - User leospace001 authenticated successfully and accessed /api/users/leospace001
2026-05-14 01:37:18 [http-nio-8080-exec-3] INFO  UserActivity - User leospace001 authenticated successfully and accessed /api/users/leospace001
2026-05-14 01:37:18 [http-nio-8080-exec-5] INFO  UserActivity - User leospace001 authenticated successfully and accessed /api/users/leospace001
2026-05-14 01:37:18 [http-nio-8080-exec-1] INFO  UserActivity - User leospace001 authenticated successfully and accessed /api/users/leospace001
2026-05-14 01:37:18 [http-nio-8080-exec-4] INFO  UserActivity - User leospace001 authenticated successfully and accessed /api/users/leospace001
2026-05-14 01:37:18 [http-nio-8080-exec-8] INFO  UserActivity - User leospace001 authenticated successfully and accessed /api/users/leospace001
2026-05-14 01:37:18 [http-nio-8080-exec-6] INFO  UserActivity - User leospace001 authenticated successfully and accessed /api/users/leospace001
2026-05-14 01:37:18 [http-nio-8080-exec-7] INFO  UserActivity - User leospace001 authenticated successfully and accessed /api/users/leospace001
2026-05-14 01:37:18 [http-nio-8080-exec-10] INFO  UserActivity - User leospace001 authenticated successfully and accessed /api/users/leospace001
2026-05-14 01:37:18 [http-nio-8080-exec-9] INFO  UserActivity - User leospace001 authenticated successfully and accessed /api/users/leospace001
2026-05-14 01:37:18 [http-nio-8080-exec-2] INFO  UserActivity - User leospace001 authenticated successfully and accessed /api/users/leospace001
2026-05-14 01:37:18 [http-nio-8080-exec-3] INFO  UserActivity - User leospace001 authenticated successfully and accessed /api/users/leospace001
2026-05-14 01:37:18 [http-nio-8080-exec-5] INFO  UserActivity - User leospace001 authenticated successfully and accessed /api/users/leospace001
2026-05-14 01:37:18 [http-nio-8080-exec-1] INFO  UserActivity - User leospace001 authenticated successfully and accessed /api/users/leospace001
2026-05-14 01:37:18 [http-nio-8080-exec-4] INFO  UserActivity - User leospace001 authenticated successfully and accessed /api/users/leospace001
2026-05-14 01:37:19 [http-nio-8080-exec-8] INFO  UserActivity - User leospace001 authenticated successfully and accessed /api/users/leospace001
2026-05-14 01:37:19 [http-nio-8080-exec-6] INFO  UserActivity - User leospace001 authenticated successfully and accessed /api/users/leospace001
2026-05-14 01:37:19 [http-nio-8080-exec-7] INFO  UserActivity - User leospace001 authenticated successfully and accessed /api/users/leospace001
2026-05-14 01:37:19 [http-nio-8080-exec-10] INFO  UserActivity - User leospace001 authenticated successfully and accessed /api/users/leospace001
2026-05-14 01:37:19 [http-nio-8080-exec-9] INFO  UserActivity - User leospace001 authenticated successfully and accessed /api/users/leospace001
2026-05-14 01:37:19 [http-nio-8080-exec-2] INFO  UserActivity - User leospace001 authenticated successfully and accessed /api/users/leospace001
2026-05-14 01:37:19 [http-nio-8080-exec-3] INFO  UserActivity - User leospace001 authenticated successfully and accessed /api/users/leospace001
2026-05-14 01:37:19 [http-nio-8080-exec-5] INFO  UserActivity - User leospace001 authenticated successfully and accessed /api/users/leospace001
2026-05-14 01:37:19 [http-nio-8080-exec-1] INFO  UserActivity - User leospace001 authenticated successfully and accessed /api/users/leospace001
2026-05-14 01:37:19 [http-nio-8080-exec-4] INFO  UserActivity - User leospace001 authenticated successfully and accessed /api/users/leospace001
2026-05-14 01:37:19 [http-nio-8080-exec-8] INFO  UserActivity - User leospace001 authenticated successfully and accessed /api/users/leospace001
2026-05-14 01:37:19 [http-nio-8080-exec-6] INFO  UserActivity - User leospace001 authenticated successfully and accessed /api/users/leospace001
2026-05-14 01:37:19 [http-nio-8080-exec-7] INFO  UserActivity - User leospace001 authenticated successfully and accessed /api/users/leospace001
2026-05-14 01:37:19 [http-nio-8080-exec-10] INFO  UserActivity - User leospace001 authenticated successfully and accessed /api/users/leospace001
2026-05-14 01:37:19 [http-nio-8080-exec-9] INFO  UserActivity - User leospace001 authenticated successfully and accessed /api/users/leospace001
2026-05-14 01:37:19 [http-nio-8080-exec-2] INFO  UserActivity - User leospace001 authenticated successfully and accessed /api/users/leospace001
2026-05-14 01:37:19 [http-nio-8080-exec-3] INFO  UserActivity - User leospace001 authenticated successfully and accessed /api/users/leospace001
2026-05-14 01:37:19 [http-nio-8080-exec-5] INFO  UserActivity - User leospace001 authenticated successfully and accessed /api/users/leospace001
2026-05-14 01:37:19 [http-nio-8080-exec-1] INFO  UserActivity - User leospace001 authenticated successfully and accessed /api/users/leospace001
2026-05-14 01:37:19 [http-nio-8080-exec-4] INFO  UserActivity - User leospace001 authenticated successfully and accessed /api/users/leospace001
2026-05-14 01:37:19 [http-nio-8080-exec-8] INFO  UserActivity - User leospace001 authenticated successfully and accessed /api/users/leospace001
2026-05-14 01:37:19 [http-nio-8080-exec-6] INFO  UserActivity - User leospace001 authenticated successfully and accessed /api/users/leospace001
2026-05-14 01:37:19 [http-nio-8080-exec-7] INFO  UserActivity - User leospace001 authenticated successfully and accessed /api/users/leospace001
2026-05-14 01:37:19 [http-nio-8080-exec-10] INFO  UserActivity - User leospace001 authenticated successfully and accessed /api/users/leospace001
2026-05-14 01:37:19 [http-nio-8080-exec-9] INFO  UserActivity - User leospace001 authenticated successfully and accessed /api/users/leospace001
2026-05-14 01:37:19 [http-nio-8080-exec-2] INFO  UserActivity - User leospace001 authenticated successfully and accessed /api/users/leospace001
2026-05-14 01:37:19 [http-nio-8080-exec-3] INFO  UserActivity - User leospace001 authenticated successfully and accessed /api/users/leospace001
2026-05-14 01:37:19 [http-nio-8080-exec-5] INFO  UserActivity - User leospace001 authenticated successfully and accessed /api/users/leospace001
2026-05-14 01:37:19 [http-nio-8080-exec-1] INFO  UserActivity - User leospace001 authenticated successfully and accessed /api/users/leospace001
2026-05-14 01:37:19 [http-nio-8080-exec-4] INFO  UserActivity - User leospace001 authenticated successfully and accessed /api/users/leospace001
2026-05-14 01:37:19 [http-nio-8080-exec-8] INFO  UserActivity - User leospace001 authenticated successfully and accessed /api/users/leospace001
2026-05-14 01:37:19 [http-nio-8080-exec-6] INFO  UserActivity - User leospace001 authenticated successfully and accessed /api/users/leospace001
2026-05-14 01:37:19 [http-nio-8080-exec-7] INFO  UserActivity - User leospace001 authenticated successfully and accessed /api/users/leospace001
2026-05-14 01:37:19 [http-nio-8080-exec-10] INFO  UserActivity - User leospace001 authenticated successfully and accessed /api/users/leospace001
2026-05-14 01:37:19 [http-nio-8080-exec-9] INFO  UserActivity - User leospace001 authenticated successfully and accessed /api/users/leospace001
2026-05-14 01:37:19 [http-nio-8080-exec-2] INFO  UserActivity - User leospace001 authenticated successfully and accessed /api/users/leospace001
2026-05-14 01:37:19 [http-nio-8080-exec-3] INFO  UserActivity - User leospace001 authenticated successfully and accessed /api/users/leospace001
2026-05-14 01:37:19 [http-nio-8080-exec-5] INFO  UserActivity - User leospace001 authenticated successfully and accessed /api/users/leospace001
2026-05-14 01:37:19 [http-nio-8080-exec-1] INFO  UserActivity - User leospace001 authenticated successfully and accessed /api/users/leospace001
2026-05-14 01:37:19 [http-nio-8080-exec-4] INFO  UserActivity - User leospace001 authenticated successfully and accessed /api/users/leospace001
2026-05-14 01:37:19 [http-nio-8080-exec-8] INFO  UserActivity - User leospace001 authenticated successfully and accessed /api/users/leospace001
2026-05-14 01:37:19 [http-nio-8080-exec-6] INFO  UserActivity - User leospace001 authenticated successfully and accessed /api/users/leospace001
2026-05-14 01:37:19 [http-nio-8080-exec-7] INFO  UserActivity - User leospace001 authenticated successfully and accessed /api/users/leospace001
2026-05-14 01:37:19 [http-nio-8080-exec-10] INFO  UserActivity - User leospace001 authenticated successfully and accessed /api/users/leospace001
2026-05-14 01:37:19 [http-nio-8080-exec-9] INFO  UserActivity - User leospace001 authenticated successfully and accessed /api/users/leospace001
2026-05-14 01:37:19 [http-nio-8080-exec-2] INFO  UserActivity - User leospace001 authenticated successfully and accessed /api/users/leospace001
2026-05-14 01:37:19 [http-nio-8080-exec-3] INFO  UserActivity - User leospace001 authenticated successfully and accessed /api/users/leospace001
2026-05-14 01:37:19 [http-nio-8080-exec-5] INFO  UserActivity - User leospace001 authenticated successfully and accessed /api/users/leospace001
2026-05-14 01:37:19 [http-nio-8080-exec-1] INFO  UserActivity - User leospace001 authenticated successfully and accessed /api/users/leospace001
2026-05-14 01:37:19 [http-nio-8080-exec-4] INFO  UserActivity - User leospace001 authenticated successfully and accessed /api/users/leospace001
2026-05-14 01:37:19 [http-nio-8080-exec-8] INFO  UserActivity - User leospace001 authenticated successfully and accessed /api/users/leospace001
2026-05-14 01:37:19 [http-nio-8080-exec-6] INFO  UserActivity - User leospace001 authenticated successfully and accessed /api/users/leospace001
2026-05-14 01:37:19 [http-nio-8080-exec-7] INFO  UserActivity - User leospace001 authenticated successfully and accessed /api/users/leospace001
2026-05-14 01:37:19 [http-nio-8080-exec-10] INFO  UserActivity - User leospace001 authenticated successfully and accessed /api/users/leospace001
2026-05-14 01:37:19 [http-nio-8080-exec-9] INFO  UserActivity - User leospace001 authenticated successfully and accessed /api/users/leospace001
2026-05-14 01:37:19 [http-nio-8080-exec-2] INFO  UserActivity - User leospace001 authenticated successfully and accessed /api/users/leospace001
2026-05-14 01:37:20 [http-nio-8080-exec-3] INFO  UserActivity - User leospace001 authenticated successfully and accessed /api/users/leospace001
2026-05-14 01:37:20 [http-nio-8080-exec-5] INFO  UserActivity - User leospace001 authenticated successfully and accessed /api/users/leospace001
2026-05-14 01:37:20 [http-nio-8080-exec-1] INFO  UserActivity - User leospace001 authenticated successfully and accessed /api/users/leospace001
2026-05-14 01:37:20 [http-nio-8080-exec-4] INFO  UserActivity - User leospace001 authenticated successfully and accessed /api/users/leospace001
2026-05-14 01:37:20 [http-nio-8080-exec-8] INFO  UserActivity - User leospace001 authenticated successfully and accessed /api/users/leospace001
2026-05-14 01:37:20 [http-nio-8080-exec-6] INFO  UserActivity - User leospace001 authenticated successfully and accessed /api/users/leospace001
2026-05-14 01:37:20 [http-nio-8080-exec-7] INFO  UserActivity - User leospace001 authenticated successfully and accessed /api/users/leospace001
2026-05-14 01:37:20 [http-nio-8080-exec-10] INFO  UserActivity - User leospace001 authenticated successfully and accessed /api/users/leospace001
2026-05-14 01:37:20 [http-nio-8080-exec-9] INFO  UserActivity - User leospace001 authenticated successfully and accessed /api/users/leospace001
2026-05-14 01:37:20 [http-nio-8080-exec-2] INFO  UserActivity - User leospace001 authenticated successfully and accessed /api/users/leospace001
2026-05-14 01:37:20 [http-nio-8080-exec-3] INFO  UserActivity - User leospace001 authenticated successfully and accessed /api/users/leospace001
2026-05-14 01:37:20 [http-nio-8080-exec-5] INFO  UserActivity - User leospace001 authenticated successfully and accessed /api/users/leospace001
2026-05-14 01:37:20 [http-nio-8080-exec-1] INFO  UserActivity - User leospace001 authenticated successfully and accessed /api/users/leospace001
2026-05-14 01:37:20 [http-nio-8080-exec-4] INFO  UserActivity - User leospace001 authenticated successfully and accessed /api/users/leospace001
2026-05-14 01:37:20 [http-nio-8080-exec-8] INFO  UserActivity - User leospace001 authenticated successfully and accessed /api/users/leospace001
2026-05-14 01:37:20 [http-nio-8080-exec-6] INFO  UserActivity - User leospace001 authenticated successfully and accessed /api/users/leospace001
2026-05-14 01:37:20 [http-nio-8080-exec-7] INFO  UserActivity - User leospace001 authenticated successfully and accessed /api/users/leospace001
2026-05-14 01:37:20 [http-nio-8080-exec-10] INFO  UserActivity - User leospace001 authenticated successfully and accessed /api/users/leospace001
2026-05-14 01:37:20 [http-nio-8080-exec-9] INFO  UserActivity - User leospace001 authenticated successfully and accessed /api/users/leospace001
2026-05-14 01:37:20 [http-nio-8080-exec-2] INFO  UserActivity - User leospace001 authenticated successfully and accessed /api/users/leospace001
2026-05-14 01:37:20 [http-nio-8080-exec-3] INFO  UserActivity - User leospace001 authenticated successfully and accessed /api/users/leospace001
2026-05-14 01:37:20 [http-nio-8080-exec-5] INFO  UserActivity - User leospace001 authenticated successfully and accessed /api/users/leospace001
2026-05-14 01:37:20 [http-nio-8080-exec-1] INFO  UserActivity - User leospace001 authenticated successfully and accessed /api/users/leospace001
2026-05-14 01:37:20 [http-nio-8080-exec-4] INFO  UserActivity - User leospace001 authenticated successfully and accessed /api/users/leospace001
2026-05-14 01:37:20 [http-nio-8080-exec-8] INFO  UserActivity - User leospace001 authenticated successfully and accessed /api/users/leospace001
2026-05-14 01:37:20 [http-nio-8080-exec-6] INFO  UserActivity - User leospace001 authenticated successfully and accessed /api/users/leospace001
2026-05-14 01:37:20 [http-nio-8080-exec-7] INFO  UserActivity - User leospace001 authenticated successfully and accessed /api/users/leospace001
2026-05-14 01:37:20 [http-nio-8080-exec-10] INFO  UserActivity - User leospace001 authenticated successfully and accessed /api/users/leospace001
2026-05-14 01:37:20 [http-nio-8080-exec-9] INFO  UserActivity - User leospace001 authenticated successfully and accessed /api/users/leospace001
2026-05-14 01:37:20 [http-nio-8080-exec-2] INFO  UserActivity - User leospace001 authenticated successfully and accessed /api/users/leospace001
2026-05-14 01:37:20 [http-nio-8080-exec-3] INFO  UserActivity - User leospace001 authenticated successfully and accessed /api/users/leospace001
2026-05-14 01:37:20 [http-nio-8080-exec-5] INFO  UserActivity - User leospace001 authenticated successfully and accessed /api/users/leospace001
2026-05-14 01:37:20 [http-nio-8080-exec-1] INFO  UserActivity - User leospace001 authenticated successfully and accessed /api/users/leospace001
2026-05-14 01:37:20 [http-nio-8080-exec-4] INFO  UserActivity - User leospace001 authenticated successfully and accessed /api/users/leospace001
2026-05-14 01:37:20 [http-nio-8080-exec-8] INFO  UserActivity - User leospace001 authenticated successfully and accessed /api/users/leospace001
2026-05-14 01:37:20 [http-nio-8080-exec-6] INFO  UserActivity - User leospace001 authenticated successfully and accessed /api/users/leospace001
2026-05-14 01:37:20 [http-nio-8080-exec-7] INFO  UserActivity - User leospace001 authenticated successfully and accessed /api/users/leospace001
2026-05-14 01:37:20 [http-nio-8080-exec-10] INFO  UserActivity - User leospace001 authenticated successfully and accessed /api/users/leospace001
2026-05-14 01:37:20 [http-nio-8080-exec-9] INFO  UserActivity - User leospace001 authenticated successfully and accessed /api/users/leospace001
2026-05-14 01:37:20 [http-nio-8080-exec-2] INFO  UserActivity - User leospace001 authenticated successfully and accessed /api/users/leospace001
2026-05-14 01:37:20 [http-nio-8080-exec-3] INFO  UserActivity - User leospace001 authenticated successfully and accessed /api/users/leospace001
2026-05-14 01:37:20 [http-nio-8080-exec-5] INFO  UserActivity - User leospace001 authenticated successfully and accessed /api/users/leospace001
2026-05-14 01:37:20 [http-nio-8080-exec-1] INFO  UserActivity - User leospace001 authenticated successfully and accessed /api/users/leospace001
2026-05-14 01:37:20 [http-nio-8080-exec-4] INFO  UserActivity - User leospace001 authenticated successfully and accessed /api/users/leospace001
2026-05-14 01:37:20 [http-nio-8080-exec-8] INFO  UserActivity - User leospace001 authenticated successfully and accessed /api/users/leospace001
2026-05-14 01:37:20 [http-nio-8080-exec-6] INFO  UserActivity - User leospace001 authenticated successfully and accessed /api/users/leospace001
2026-05-14 01:37:20 [http-nio-8080-exec-7] INFO  UserActivity - User leospace001 authenticated successfully and accessed /api/users/leospace001
2026-05-14 01:37:20 [http-nio-8080-exec-10] INFO  UserActivity - User leospace001 authenticated successfully and accessed /api/users/leospace001
2026-05-14 01:37:20 [http-nio-8080-exec-9] INFO  UserActivity - User leospace001 authenticated successfully and accessed /api/users/leospace001
2026-05-14 01:37:20 [http-nio-8080-exec-2] INFO  UserActivity - User leospace001 authenticated successfully and accessed /api/users/leospace001
2026-05-14 01:37:20 [http-nio-8080-exec-3] INFO  UserActivity - User leospace001 authenticated successfully and accessed /api/users/leospace001
2026-05-14 01:37:20 [http-nio-8080-exec-5] INFO  UserActivity - User leospace001 authenticated successfully and accessed /api/users/leospace001
2026-05-14 01:37:20 [http-nio-8080-exec-1] INFO  UserActivity - User leospace001 authenticated successfully and accessed /api/users/leospace001
2026-05-14 01:37:20 [http-nio-8080-exec-4] INFO  UserActivity - User leospace001 authenticated successfully and accessed /api/users/leospace001
2026-05-14 01:37:20 [http-nio-8080-exec-8] INFO  UserActivity - User leospace001 authenticated successfully and accessed /api/users/leospace001
2026-05-14 01:37:20 [http-nio-8080-exec-6] INFO  UserActivity - User leospace001 authenticated successfully and accessed /api/users/leospace001
2026-05-14 01:37:20 [http-nio-8080-exec-7] INFO  UserActivity - User leospace001 authenticated successfully and accessed /api/users/leospace001
2026-05-14 01:37:20 [http-nio-8080-exec-10] INFO  UserActivity - User leospace001 authenticated successfully and accessed /api/users/leospace001
2026-05-14 01:37:20 [http-nio-8080-exec-9] INFO  UserActivity - User leospace001 authenticated successfully and accessed /api/users/leospace001
2026-05-14 01:37:20 [http-nio-8080-exec-2] INFO  UserActivity - User leospace001 authenticated successfully and accessed /api/users/leospace001
2026-05-14 01:37:20 [http-nio-8080-exec-3] INFO  UserActivity - User leospace001 authenticated successfully and accessed /api/users/leospace001
2026-05-14 01:37:21 [http-nio-8080-exec-5] INFO  UserActivity - User leospace001 authenticated successfully and accessed /api/users/leospace001
2026-05-14 01:37:21 [http-nio-8080-exec-1] INFO  UserActivity - User leospace001 authenticated successfully and accessed /api/users/leospace001
2026-05-14 01:37:21 [http-nio-8080-exec-4] INFO  UserActivity - User leospace001 authenticated successfully and accessed /api/users/leospace001
2026-05-14 01:37:21 [http-nio-8080-exec-8] INFO  UserActivity - User leospace001 authenticated successfully and accessed /api/users/leospace001
2026-05-14 01:37:21 [http-nio-8080-exec-6] INFO  UserActivity - User leospace001 authenticated successfully and accessed /api/users/leospace001
2026-05-14 01:37:21 [http-nio-8080-exec-7] INFO  UserActivity - User leospace001 authenticated successfully and accessed /api/users/leospace001
2026-05-14 01:37:21 [http-nio-8080-exec-10] INFO  UserActivity - User leospace001 authenticated successfully and accessed /api/users/leospace001
2026-05-14 01:37:21 [http-nio-8080-exec-9] INFO  UserActivity - User leospace001 authenticated successfully and accessed /api/users/leospace001
2026-05-14 01:37:21 [http-nio-8080-exec-2] INFO  UserActivity - User leospace001 authenticated successfully and accessed /api/users/leospace001
2026-05-14 01:37:21 [http-nio-8080-exec-3] INFO  UserActivity - User leospace001 authenticated successfully and accessed /api/users/leospace001
2026-05-14 01:37:21 [http-nio-8080-exec-5] INFO  UserActivity - User leospace001 authenticated successfully and accessed /api/users/leospace001
2026-05-14 01:37:21 [http-nio-8080-exec-1] INFO  UserActivity - User leospace001 authenticated successfully and accessed /api/users/leospace001
2026-05-14 01:37:21 [http-nio-8080-exec-4] INFO  UserActivity - User leospace001 authenticated successfully and accessed /api/users/leospace001
2026-05-14 01:37:21 [http-nio-8080-exec-8] INFO  UserActivity - User leospace001 authenticated successfully and accessed /api/users/leospace001
2026-05-14 01:37:21 [http-nio-8080-exec-6] INFO  UserActivity - User leospace001 authenticated successfully and accessed /api/users/leospace001
2026-05-14 01:37:21 [http-nio-8080-exec-7] INFO  UserActivity - User leospace001 authenticated successfully and accessed /api/users/leospace001
2026-05-14 01:37:21 [http-nio-8080-exec-10] INFO  UserActivity - User leospace001 authenticated successfully and accessed /api/users/leospace001
2026-05-14 01:37:21 [http-nio-8080-exec-9] INFO  UserActivity - User leospace001 authenticated successfully and accessed /api/users/leospace001
2026-05-14 01:37:21 [http-nio-8080-exec-2] INFO  UserActivity - User leospace001 authenticated successfully and accessed /api/users/leospace001
2026-05-14 01:37:21 [http-nio-8080-exec-3] INFO  UserActivity - User leospace001 authenticated successfully and accessed /api/users/leospace001
2026-05-14 01:37:21 [http-nio-8080-exec-5] INFO  UserActivity - User leospace001 authenticated successfully and accessed /api/users/leospace001
2026-05-14 01:37:21 [http-nio-8080-exec-1] INFO  UserActivity - User leospace001 authenticated successfully and accessed /api/users/leospace001
2026-05-14 01:37:21 [http-nio-8080-exec-4] INFO  UserActivity - User leospace001 authenticated successfully and accessed /api/users/leospace001
2026-05-14 01:37:21 [http-nio-8080-exec-8] INFO  UserActivity - User leospace001 authenticated successfully and accessed /api/users/leospace001
2026-05-14 01:37:21 [http-nio-8080-exec-6] INFO  UserActivity - User leospace001 authenticated successfully and accessed /api/users/leospace001
2026-05-14 01:37:21 [http-nio-8080-exec-7] INFO  UserActivity - User leospace001 authenticated successfully and accessed /api/users/leospace001
2026-05-14 01:37:21 [http-nio-8080-exec-10] INFO  UserActivity - User leospace001 authenticated successfully and accessed /api/users/leospace001
2026-05-14 01:37:21 [http-nio-8080-exec-9] INFO  UserActivity - User leospace001 authenticated successfully and accessed /api/users/leospace001
2026-05-14 01:37:21 [http-nio-8080-exec-2] INFO  UserActivity - User leospace001 authenticated successfully and accessed /api/users/leospace001
2026-05-14 01:37:21 [http-nio-8080-exec-3] INFO  UserActivity - User leospace001 authenticated successfully and accessed /api/users/leospace001
2026-05-14 01:37:21 [http-nio-8080-exec-1] INFO  UserActivity - User leospace001 authenticated successfully and accessed /api/users/leospace001
2026-05-14 01:37:21 [http-nio-8080-exec-4] INFO  UserActivity - User leospace001 authenticated successfully and accessed /api/users/leospace001
2026-05-14 01:37:21 [http-nio-8080-exec-8] INFO  UserActivity - User leospace001 authenticated successfully and accessed /api/users/leospace001
2026-05-14 01:37:21 [http-nio-8080-exec-6] INFO  UserActivity - User leospace001 authenticated successfully and accessed /api/users/leospace001
2026-05-14 01:37:21 [http-nio-8080-exec-7] INFO  UserActivity - User leospace001 authenticated successfully and accessed /api/users/leospace001
2026-05-14 01:37:21 [http-nio-8080-exec-10] INFO  UserActivity - User leospace001 authenticated successfully and accessed /api/users/leospace001
2026-05-14 01:37:21 [http-nio-8080-exec-9] INFO  UserActivity - User leospace001 authenticated successfully and accessed /api/users/leospace001
2026-05-14 01:37:21 [http-nio-8080-exec-2] INFO  UserActivity - User leospace001 authenticated successfully and accessed /api/users/leospace001
2026-05-14 01:37:21 [http-nio-8080-exec-3] INFO  UserActivity - User leospace001 authenticated successfully and accessed /api/users/leospace001
2026-05-14 01:37:21 [http-nio-8080-exec-5] INFO  UserActivity - User leospace001 authenticated successfully and accessed /api/users/leospace001
2026-05-14 01:37:21 [http-nio-8080-exec-1] INFO  UserActivity - User leospace001 authenticated successfully and accessed /api/users/leospace001
2026-05-14 01:37:21 [http-nio-8080-exec-4] INFO  UserActivity - User leospace001 authenticated successfully and accessed /api/users/leospace001
2026-05-14 01:37:21 [http-nio-8080-exec-8] INFO  UserActivity - User leospace001 authenticated successfully and accessed /api/users/leospace001
2026-05-14 01:37:21 [http-nio-8080-exec-6] INFO  UserActivity - User leospace001 authenticated successfully and accessed /api/users/leospace001
2026-05-14 01:37:21 [http-nio-8080-exec-7] INFO  UserActivity - User leospace001 authenticated successfully and accessed /api/users/leospace001
2026-05-14 01:37:21 [http-nio-8080-exec-10] INFO  UserActivity - User leospace001 authenticated successfully and accessed /api/users/leospace001
2026-05-14 01:37:21 [http-nio-8080-exec-9] INFO  UserActivity - User leospace001 authenticated successfully and accessed /api/users/leospace001
2026-05-14 01:37:21 [http-nio-8080-exec-2] INFO  UserActivity - User leospace001 authenticated successfully and accessed /api/users/leospace001
2026-05-14 01:37:21 [http-nio-8080-exec-3] INFO  UserActivity - User leospace001 authenticated successfully and accessed /api/users/leospace001
2026-05-14 01:37:21 [http-nio-8080-exec-5] INFO  UserActivity - User leospace001 authenticated successfully and accessed /api/users/leospace001
2026-05-14 01:37:21 [http-nio-8080-exec-1] INFO  UserActivity - User leospace001 authenticated successfully and accessed /api/users/leospace001
2026-05-14 01:37:21 [http-nio-8080-exec-4] INFO  UserActivity - User leospace001 authenticated successfully and accessed /api/users/leospace001
2026-05-14 01:37:21 [http-nio-8080-exec-8] INFO  UserActivity - User leospace001 authenticated successfully and accessed /api/users/leospace001
2026-05-14 01:37:21 [http-nio-8080-exec-6] INFO  UserActivity - User leospace001 authenticated successfully and accessed /api/users/leospace001
2026-05-14 01:37:21 [http-nio-8080-exec-7] INFO  UserActivity - User leospace001 authenticated successfully and accessed /api/users/leospace001
2026-05-14 01:37:21 [http-nio-8080-exec-10] INFO  UserActivity - User leospace001 authenticated successfully and accessed /api/users/leospace001
2026-05-14 01:37:22 [http-nio-8080-exec-9] INFO  UserActivity - User leospace001 authenticated successfully and accessed /api/users/leospace001
2026-05-14 01:37:22 [http-nio-8080-exec-2] INFO  UserActivity - User leospace001 authenticated successfully and accessed /api/users/leospace001
2026-05-14 01:37:22 [http-nio-8080-exec-3] INFO  UserActivity - User leospace001 authenticated successfully and accessed /api/users/leospace001
2026-05-14 01:37:22 [http-nio-8080-exec-5] INFO  UserActivity - User leospace001 authenticated successfully and accessed /api/users/leospace001
2026-05-14 01:37:22 [http-nio-8080-exec-1] INFO  UserActivity - User leospace001 authenticated successfully and accessed /api/users/leospace001
2026-05-14 01:37:22 [http-nio-8080-exec-4] INFO  UserActivity - User leospace001 authenticated successfully and accessed /api/users/leospace001
2026-05-14 01:37:22 [http-nio-8080-exec-8] INFO  UserActivity - User leospace001 authenticated successfully and accessed /api/users/leospace001
2026-05-14 01:37:22 [http-nio-8080-exec-6] INFO  UserActivity - User leospace001 authenticated successfully and accessed /api/users/leospace001
2026-05-14 01:37:22 [http-nio-8080-exec-7] INFO  UserActivity - User leospace001 authenticated successfully and accessed /api/users/leospace001
2026-05-14 01:37:22 [http-nio-8080-exec-10] INFO  UserActivity - User leospace001 authenticated successfully and accessed /api/users/leospace001
2026-05-14 01:37:22 [http-nio-8080-exec-9] INFO  UserActivity - User leospace001 authenticated successfully and accessed /api/users/leospace001
2026-05-14 01:37:22 [http-nio-8080-exec-2] INFO  UserActivity - User leospace001 authenticated successfully and accessed /api/users/leospace001
2026-05-14 01:37:22 [http-nio-8080-exec-3] INFO  UserActivity - User leospace001 authenticated successfully and accessed /api/users/leospace001
2026-05-14 01:37:22 [http-nio-8080-exec-5] INFO  UserActivity - User leospace001 authenticated successfully and accessed /api/users/leospace001
2026-05-14 01:37:22 [http-nio-8080-exec-1] INFO  UserActivity - User leospace001 authenticated successfully and accessed /api/users/leospace001
2026-05-14 01:37:22 [http-nio-8080-exec-4] INFO  UserActivity - User leospace001 authenticated successfully and accessed /api/users/leospace001
2026-05-14 01:37:22 [http-nio-8080-exec-8] INFO  UserActivity - User leospace001 authenticated successfully and accessed /api/users/leospace001
2026-05-14 01:37:22 [http-nio-8080-exec-6] INFO  UserActivity - User leospace001 authenticated successfully and accessed /api/users/leospace001
2026-05-14 01:37:22 [http-nio-8080-exec-7] INFO  UserActivity - User leospace001 authenticated successfully and accessed /api/users/leospace001
2026-05-14 01:37:22 [http-nio-8080-exec-10] INFO  UserActivity - User leospace001 authenticated successfully and accessed /api/users/leospace001
2026-05-14 01:37:22 [http-nio-8080-exec-9] INFO  UserActivity - User leospace001 authenticated successfully and accessed /api/users/leospace001
2026-05-14 01:37:22 [http-nio-8080-exec-2] INFO  UserActivity - User leospace001 authenticated successfully and accessed /api/users/leospace001
2026-05-14 01:37:22 [http-nio-8080-exec-3] INFO  UserActivity - User leospace001 authenticated successfully and accessed /api/users/leospace001
2026-05-14 01:37:22 [http-nio-8080-exec-5] INFO  UserActivity - User leospace001 authenticated successfully and accessed /api/users/leospace001
2026-05-14 01:37:22 [http-nio-8080-exec-1] INFO  UserActivity - User leospace001 authenticated successfully and accessed /api/users/leospace001
2026-05-14 01:37:22 [http-nio-8080-exec-4] INFO  UserActivity - User leospace001 authenticated successfully and accessed /api/users/leospace001
2026-05-14 01:37:22 [http-nio-8080-exec-8] INFO  UserActivity - User leospace001 authenticated successfully and accessed /api/users/leospace001
2026-05-14 01:37:22 [http-nio-8080-exec-6] INFO  UserActivity - User leospace001 authenticated successfully and accessed /api/users/leospace001
2026-05-14 01:37:22 [http-nio-8080-exec-7] INFO  UserActivity - User leospace001 authenticated successfully and accessed /api/users/leospace001
2026-05-14 01:37:22 [http-nio-8080-exec-10] INFO  UserActivity - User leospace001 authenticated successfully and accessed /api/users/leospace001
2026-05-14 01:37:22 [http-nio-8080-exec-9] INFO  UserActivity - User leospace001 authenticated successfully and accessed /api/users/leospace001
2026-05-14 01:37:22 [http-nio-8080-exec-2] INFO  UserActivity - User leospace001 authenticated successfully and accessed /api/users/leospace001
2026-05-14 01:37:22 [http-nio-8080-exec-3] INFO  UserActivity - User leospace001 authenticated successfully and accessed /api/users/leospace001
2026-05-14 01:37:22 [http-nio-8080-exec-5] INFO  UserActivity - User leospace001 authenticated successfully and accessed /api/users/leospace001
2026-05-14 01:37:22 [http-nio-8080-exec-1] INFO  UserActivity - User leospace001 authenticated successfully and accessed /api/users/leospace001
2026-05-14 01:37:22 [http-nio-8080-exec-4] INFO  UserActivity - User leospace001 authenticated successfully and accessed /api/users/leospace001
2026-05-14 01:37:22 [http-nio-8080-exec-8] INFO  UserActivity - User leospace001 authenticated successfully and accessed /api/users/leospace001
2026-05-14 01:37:22 [http-nio-8080-exec-6] INFO  UserActivity - User leospace001 authenticated successfully and accessed /api/users/leospace001
2026-05-14 01:37:22 [http-nio-8080-exec-7] INFO  UserActivity - User leospace001 authenticated successfully and accessed /api/users/leospace001
2026-05-14 01:37:22 [http-nio-8080-exec-10] INFO  UserActivity - User leospace001 authenticated successfully and accessed /api/users/leospace001
2026-05-14 01:37:22 [http-nio-8080-exec-9] INFO  UserActivity - User leospace001 authenticated successfully and accessed /api/users/leospace001
2026-05-14 01:37:22 [http-nio-8080-exec-2] INFO  UserActivity - User leospace001 authenticated successfully and accessed /api/users/leospace001
2026-05-14 01:37:22 [http-nio-8080-exec-3] INFO  UserActivity - User leospace001 authenticated successfully and accessed /api/users/leospace001
2026-05-14 01:37:22 [http-nio-8080-exec-5] INFO  UserActivity - User leospace001 authenticated successfully and accessed /api/users/leospace001
2026-05-14 01:37:22 [http-nio-8080-exec-1] INFO  UserActivity - User leospace001 authenticated successfully and accessed /api/users/leospace001
2026-05-14 01:37:22 [http-nio-8080-exec-4] INFO  UserActivity - User leospace001 authenticated successfully and accessed /api/users/leospace001
2026-05-14 01:37:22 [http-nio-8080-exec-8] INFO  UserActivity - User leospace001 authenticated successfully and accessed /api/users/leospace001
2026-05-14 01:37:22 [http-nio-8080-exec-6] INFO  UserActivity - User leospace001 authenticated successfully and accessed /api/users/leospace001
2026-05-14 01:37:22 [http-nio-8080-exec-7] INFO  UserActivity - User leospace001 authenticated successfully and accessed /api/users/leospace001
2026-05-14 01:37:22 [http-nio-8080-exec-10] INFO  UserActivity - User leospace001 authenticated successfully and accessed /api/users/leospace001
2026-05-14 01:37:22 [http-nio-8080-exec-9] INFO  UserActivity - User leospace001 authenticated successfully and accessed /api/users/leospace001
2026-05-14 01:37:22 [http-nio-8080-exec-2] INFO  UserActivity - User leospace001 authenticated successfully and accessed /api/users/leospace001
2026-05-14 01:37:22 [http-nio-8080-exec-3] INFO  UserActivity - User leospace001 authenticated successfully and accessed /api/users/leospace001
2026-05-14 01:37:22 [http-nio-8080-exec-5] INFO  UserActivity - User leospace001 authenticated successfully and accessed /api/users/leospace001
2026-05-14 01:37:22 [http-nio-8080-exec-1] INFO  UserActivity - User leospace001 authenticated successfully and accessed /api/users/leospace001
2026-05-14 01:37:22 [http-nio-8080-exec-4] INFO  UserActivity - User leospace001 authenticated successfully and accessed /api/users/leospace001
2026-05-14 01:37:22 [http-nio-8080-exec-8] INFO  UserActivity - User leospace001 authenticated successfully and accessed /api/users/leospace001
2026-05-14 01:37:22 [http-nio-8080-exec-6] INFO  UserActivity - User leospace001 authenticated successfully and accessed /api/users/leospace001
2026-05-14 01:37:22 [http-nio-8080-exec-7] INFO  UserActivity - User leospace001 authenticated successfully and accessed /api/users/leospace001
2026-05-14 01:37:22 [http-nio-8080-exec-10] INFO  UserActivity - User leospace001 authenticated successfully and accessed /api/users/leospace001
2026-05-14 01:37:22 [http-nio-8080-exec-9] INFO  UserActivity - User leospace001 authenticated successfully and accessed /api/users/leospace001
2026-05-14 01:37:22 [http-nio-8080-exec-2] INFO  UserActivity - User leospace001 authenticated successfully and accessed /api/users/leospace001
2026-05-14 01:37:22 [http-nio-8080-exec-3] INFO  UserActivity - User leospace001 authenticated successfully and accessed /api/users/leospace001
2026-05-14 01:37:22 [http-nio-8080-exec-5] INFO  UserActivity - User leospace001 authenticated successfully and accessed /api/users/leospace001
2026-05-14 01:37:23 [http-nio-8080-exec-1] INFO  UserActivity - User leospace001 authenticated successfully and accessed /api/users/leospace001
2026-05-14 01:37:23 [http-nio-8080-exec-4] INFO  UserActivity - User leospace001 authenticated successfully and accessed /api/users/leospace001
2026-05-14 01:37:23 [http-nio-8080-exec-8] INFO  UserActivity - User leospace001 authenticated successfully and accessed /api/users/leospace001
2026-05-14 01:37:23 [http-nio-8080-exec-6] INFO  UserActivity - User leospace001 authenticated successfully and accessed /api/users/leospace001
2026-05-14 01:37:23 [http-nio-8080-exec-7] INFO  UserActivity - User leospace001 authenticated successfully and accessed /api/users/leospace001
2026-05-14 01:37:23 [http-nio-8080-exec-10] INFO  UserActivity - User leospace001 authenticated successfully and accessed /api/users/leospace001
2026-05-14 01:37:23 [http-nio-8080-exec-9] INFO  UserActivity - User leospace001 authenticated successfully and accessed /api/users/leospace001
2026-05-14 01:37:23 [http-nio-8080-exec-2] INFO  UserActivity - User leospace001 authenticated successfully and accessed /api/users/leospace001
2026-05-14 01:37:23 [http-nio-8080-exec-3] INFO  UserActivity - User leospace001 authenticated successfully and accessed /api/users/leospace001
2026-05-14 01:37:23 [http-nio-8080-exec-5] INFO  UserActivity - User leospace001 authenticated successfully and accessed /api/users/leospace001
2026-05-14 01:37:23 [http-nio-8080-exec-1] INFO  UserActivity - User leospace001 authenticated successfully and accessed /api/users/leospace001
2026-05-14 01:37:23 [http-nio-8080-exec-4] INFO  UserActivity - User leospace001 authenticated successfully and accessed /api/users/leospace001
2026-05-14 01:37:23 [http-nio-8080-exec-8] INFO  UserActivity - User leospace001 authenticated successfully and accessed /api/users/leospace001
2026-05-14 01:37:23 [http-nio-8080-exec-6] INFO  UserActivity - User leospace001 authenticated successfully and accessed /api/users/leospace001
2026-05-14 01:37:23 [http-nio-8080-exec-7] INFO  UserActivity - User leospace001 authenticated successfully and accessed /api/users/leospace001
2026-05-14 01:37:23 [http-nio-8080-exec-10] INFO  UserActivity - User leospace001 authenticated successfully and accessed /api/users/leospace001
2026-05-14 01:37:23 [http-nio-8080-exec-9] INFO  UserActivity - User leospace001 authenticated successfully and accessed /api/users/leospace001
2026-05-14 01:37:23 [http-nio-8080-exec-2] INFO  UserActivity - User leospace001 authenticated successfully and accessed /api/users/leospace001
2026-05-14 01:37:23 [http-nio-8080-exec-3] INFO  UserActivity - User leospace001 authenticated successfully and accessed /api/users/leospace001
2026-05-14 01:37:23 [http-nio-8080-exec-5] INFO  UserActivity - User leospace001 authenticated successfully and accessed /api/users/leospace001
2026-05-14 01:37:23 [http-nio-8080-exec-1] INFO  UserActivity - User leospace001 authenticated successfully and accessed /api/users/leospace001
2026-05-14 01:37:23 [http-nio-8080-exec-4] INFO  UserActivity - User leospace001 authenticated successfully and accessed /api/users/leospace001
2026-05-14 01:37:23 [http-nio-8080-exec-8] INFO  UserActivity - User leospace001 authenticated successfully and accessed /api/users/leospace001
2026-05-14 01:37:23 [http-nio-8080-exec-6] INFO  UserActivity - User leospace001 authenticated successfully and accessed /api/users/leospace001
2026-05-14 01:37:23 [http-nio-8080-exec-7] INFO  UserActivity - User leospace001 authenticated successfully and accessed /api/users/leospace001
2026-05-14 01:37:23 [http-nio-8080-exec-10] INFO  UserActivity - User leospace001 authenticated successfully and accessed /api/users/leospace001
2026-05-14 01:37:23 [http-nio-8080-exec-9] INFO  UserActivity - User leospace001 authenticated successfully and accessed /api/users/leospace001
2026-05-14 01:37:23 [http-nio-8080-exec-2] INFO  UserActivity - User leospace001 authenticated successfully and accessed /api/users/leospace001
2026-05-14 01:37:23 [http-nio-8080-exec-3] INFO  UserActivity - User leospace001 authenticated successfully and accessed /api/users/leospace001
2026-05-14 01:37:23 [http-nio-8080-exec-5] INFO  UserActivity - User leospace001 authenticated successfully and accessed /api/users/leospace001
2026-05-14 01:37:23 [http-nio-8080-exec-1] INFO  UserActivity - User leospace001 authenticated successfully and accessed /api/users/leospace001
2026-05-14 01:37:23 [http-nio-8080-exec-4] INFO  UserActivity - User leospace001 authenticated successfully and accessed /api/users/leospace001
2026-05-14 01:37:23 [http-nio-8080-exec-8] INFO  UserActivity - User leospace001 authenticated successfully and accessed /api/users/leospace001
2026-05-14 01:37:23 [http-nio-8080-exec-6] INFO  UserActivity - User leospace001 authenticated successfully and accessed /api/users/leospace001
2026-05-14 01:37:23 [http-nio-8080-exec-7] INFO  UserActivity - User leospace001 authenticated successfully and accessed /api/users/leospace001
2026-05-14 01:37:23 [http-nio-8080-exec-10] INFO  UserActivity - User leospace001 authenticated successfully and accessed /api/users/leospace001
2026-05-14 01:37:23 [http-nio-8080-exec-9] INFO  UserActivity - User leospace001 authenticated successfully and accessed /api/users/leospace001
2026-05-14 01:37:23 [http-nio-8080-exec-2] INFO  UserActivity - User leospace001 authenticated successfully and accessed /api/users/leospace001
2026-05-14 01:37:23 [http-nio-8080-exec-3] INFO  UserActivity - User leospace001 authenticated successfully and accessed /api/users/leospace001
2026-05-14 01:37:23 [http-nio-8080-exec-5] INFO  UserActivity - User leospace001 authenticated successfully and accessed /api/users/leospace001
2026-05-14 01:37:23 [http-nio-8080-exec-1] INFO  UserActivity - User leospace001 authenticated successfully and accessed /api/users/leospace001
2026-05-14 01:37:23 [http-nio-8080-exec-4] INFO  UserActivity - User leospace001 authenticated successfully and accessed /api/users/leospace001
2026-05-14 01:37:23 [http-nio-8080-exec-8] INFO  UserActivity - User leospace001 authenticated successfully and accessed /api/users/leospace001
2026-05-14 01:37:23 [http-nio-8080-exec-6] INFO  UserActivity - User leospace001 authenticated successfully and accessed /api/users/leospace001
2026-05-14 01:37:23 [http-nio-8080-exec-7] INFO  UserActivity - User leospace001 authenticated successfully and accessed /api/users/leospace001
2026-05-14 01:37:23 [http-nio-8080-exec-10] INFO  UserActivity - User leospace001 authenticated successfully and accessed /api/users/leospace001
2026-05-14 01:37:23 [http-nio-8080-exec-9] INFO  UserActivity - User leospace001 authenticated successfully and accessed /api/users/leospace001
2026-05-14 01:37:23 [http-nio-8080-exec-2] INFO  UserActivity - User leospace001 authenticated successfully and accessed /api/users/leospace001
2026-05-14 01:37:23 [http-nio-8080-exec-3] INFO  UserActivity - User leospace001 authenticated successfully and accessed /api/users/leospace001
2026-05-14 01:37:23 [http-nio-8080-exec-5] INFO  UserActivity - User leospace001 authenticated successfully and accessed /api/users/leospace001
2026-05-14 01:37:23 [http-nio-8080-exec-1] INFO  UserActivity - User leospace001 authenticated successfully and accessed /api/users/leospace001
2026-05-14 01:37:23 [http-nio-8080-exec-4] INFO  UserActivity - User leospace001 authenticated successfully and accessed /api/users/leospace001
2026-05-14 01:37:23 [http-nio-8080-exec-8] INFO  UserActivity - User leospace001 authenticated successfully and accessed /api/users/leospace001
2026-05-14 01:37:25 [http-nio-8080-exec-6] INFO  UserActivity - User leospace001 authenticated successfully and accessed /api/users/leospace001
2026-05-14 01:37:25 [http-nio-8080-exec-7] INFO  UserActivity - User leospace001 authenticated successfully and accessed /api/users/leospace001
2026-05-14 01:37:54 [http-nio-8080-exec-2] INFO  UserActivity - User leospace001 authenticated successfully and accessed /api/users/leospace001
2026-05-14 01:37:54 [http-nio-8080-exec-3] INFO  UserActivity - User leospace001 authenticated successfully and accessed /api/users/leospace001
2026-05-14 01:38:03 [http-nio-8080-exec-1] INFO  UserActivity - User leospace001 authenticated successfully and accessed /api/users/leospace001
2026-05-14 01:38:27 [http-nio-8080-exec-8] INFO  UserActivity - User leospace001 authenticated successfully and accessed /api/users/leospace001
2026-05-14 01:38:29 [http-nio-8080-exec-6] INFO  UserActivity - User leospace001 authenticated successfully and accessed /api/users/leospace001
2026-05-14 01:38:29 [http-nio-8080-exec-7] INFO  UserActivity - User leospace001 authenticated successfully and accessed /api/users/leospace001
2026-05-14 01:38:32 [http-nio-8080-exec-9] INFO  UserActivity - User leospace001 authenticated successfully and accessed /api/users/leospace001
2026-05-14 01:38:32 [http-nio-8080-exec-10] INFO  UserActivity - User leospace001 authenticated successfully and accessed /api/users/leospace001
2026-05-14 01:38:42 [http-nio-8080-exec-3] INFO  UserActivity - User leospace001 authenticated successfully and accessed /api/users/leospace001
2026-05-14 01:38:43 [http-nio-8080-exec-5] INFO  UserActivity - User leospace001 authenticated successfully and accessed /api/users/leospace001
2026-05-14 01:38:53 [http-nio-8080-exec-4] INFO  UserActivity - User leospace001 authenticated successfully and accessed /api/users/leospace001
2026-05-14 01:38:55 [http-nio-8080-exec-8] INFO  UserActivity - User leospace001 authenticated successfully and accessed /api/users/leospace001
2026-05-14 01:38:55 [http-nio-8080-exec-6] INFO  UserActivity - User leospace001 authenticated successfully and accessed /api/users/leospace001
2026-05-14 01:39:01 [http-nio-8080-exec-9] INFO  UserActivity - User leospace001 authenticated successfully and accessed /api/users/leospace001
2026-05-14 01:39:03 [http-nio-8080-exec-10] INFO  UserActivity - User leospace001 authenticated successfully and accessed /api/users/leospace001
2026-05-14 01:39:03 [http-nio-8080-exec-2] INFO  UserActivity - User leospace001 authenticated successfully and accessed /api/users/leospace001
2026-05-14 01:39:06 [http-nio-8080-exec-3] INFO  UserActivity - User leospace001 authenticated successfully and accessed /api/users/leospace001
2026-05-14 01:39:07 [http-nio-8080-exec-1] INFO  UserActivity - User leospace001 authenticated successfully and accessed /api/users/leospace001
2026-05-14 01:39:47 [http-nio-8080-exec-8] INFO  UserActivity - User leospace001 authenticated successfully and accessed /api/users/leospace001
2026-05-14 01:39:48 [http-nio-8080-exec-6] INFO  UserActivity - User leospace001 authenticated successfully and accessed /api/users/leospace001
2026-05-14 01:40:21 [http-nio-8080-exec-10] INFO  UserActivity - leospace001 logged in successfully: 
2026-05-14 01:40:24 [http-nio-8080-exec-5] INFO  UserActivity - User leospace001 authenticated successfully and accessed /api/users/leospace001
2026-05-14 01:40:24 [http-nio-8080-exec-1] INFO  UserActivity - User leospace001 authenticated successfully and accessed /api/users/leospace001
2026-05-14 01:40:48 [http-nio-8080-exec-6] INFO  UserActivity - User leospace001 authenticated successfully and accessed /api/users/leospace001
2026-05-14 01:40:48 [http-nio-8080-exec-7] INFO  UserActivity - User leospace001 authenticated successfully and accessed /api/users/leospace001
2026-05-14 01:41:51 [http-nio-8080-exec-3] INFO  UserActivity - User leospace001 authenticated successfully and accessed /api/users/leospace001
2026-05-14 01:41:51 [http-nio-8080-exec-5] INFO  UserActivity - User leospace001 authenticated successfully and accessed /api/users/leospace001
2026-05-14 01:42:11 [http-nio-8080-exec-4] INFO  UserActivity - User leospace001 authenticated successfully and accessed /api/users/leospace001
2026-05-14 01:42:13 [http-nio-8080-exec-8] INFO  UserActivity - User leospace001 authenticated successfully and accessed /api/users/leospace001
2026-05-14 01:43:11 [http-nio-8080-exec-7] INFO  UserActivity - leospace001 logged in successfully: 
2026-05-14 01:43:15 [http-nio-8080-exec-2] INFO  UserActivity - User leospace001 authenticated successfully and accessed /api/users/leospace001
2026-05-14 01:43:15 [http-nio-8080-exec-3] INFO  UserActivity - User leospace001 authenticated successfully and accessed /api/users/leospace001
2026-05-14 01:45:21 [http-nio-8080-exec-6] INFO  UserActivity - leospace001 logged in successfully: 
2026-05-14 01:45:25 [http-nio-8080-exec-9] INFO  UserActivity - User leospace001 authenticated successfully and accessed /api/users/leospace001
2026-05-14 01:45:25 [http-nio-8080-exec-2] INFO  UserActivity - User leospace001 authenticated successfully and accessed /api/users/leospace001
2026-05-14 02:02:52 [http-nio-8080-exec-8] INFO  UserActivity - User leospace001 authenticated successfully and accessed /api/users/leospace001
2026-05-14 02:02:53 [http-nio-8080-exec-6] INFO  UserActivity - User leospace001 authenticated successfully and accessed /api/users/leospace001
2026-05-14 02:04:40 [http-nio-8080-exec-2] INFO  UserActivity - User leospace001 authenticated successfully and accessed /api/users/leospace001
2026-05-14 02:04:40 [http-nio-8080-exec-3] INFO  UserActivity - User leospace001 authenticated successfully and accessed /api/users/leospace001
2026-05-14 02:04:59 [http-nio-8080-exec-4] INFO  UserActivity - User leospace001 authenticated successfully and accessed /api/users/leospace001
2026-05-14 02:04:59 [http-nio-8080-exec-8] INFO  UserActivity - User leospace001 authenticated successfully and accessed /api/users/leospace001
2026-05-14 02:05:00 [http-nio-8080-exec-6] INFO  UserActivity - User leospace001 authenticated successfully and accessed /api/users/leospace001
2026-05-14 02:05:00 [http-nio-8080-exec-7] INFO  UserActivity - User leospace001 authenticated successfully and accessed /api/users/leospace001
2026-05-14 02:06:28 [http-nio-8080-exec-5] INFO  UserActivity - User leospace001 authenticated successfully and accessed /api/users/leospace001
2026-05-14 02:06:28 [http-nio-8080-exec-1] INFO  UserActivity - User leospace001 authenticated successfully and accessed /api/users/leospace001
